前后缀名称	是否前缀	五行属性要求	等级要求	属性调整类别	参数1最小值	参数1最大值	甲士倍率	道士倍率	异人倍率	羽士倍率	参数2最小值	参数2最大值	甲士倍率	道士倍率	异人倍率	羽士倍率	参数3最小值	参数3最大值	甲士倍率	道士倍率	异人倍率	羽士倍率	效果说明	武器	暗器*	盔甲	戒指*	项链*	靴子	腰带	头盔	护腕*	腰坠	马	武器	暗器*	盔甲	戒指*	项链*	靴子	腰带	头盔	护腕*	腰坠	马	武器	暗器*	盔甲	戒指*	项链*	靴子	腰带	头盔	护腕*	腰坠	马	武器	暗器*	盔甲	戒指*	项链*	靴子	腰带	头盔	护腕*	腰坠	马
青铜	1		1	85	1	3	10	5	5	10	-1	-1	1	1	1	1	6	6	1	1	1	1	加最大生命	0	0	10000	0	0	0	0	100000	0	0	0	0	0	10000	0	0	0	0	100000	0	0	0	0	0	10000	0	0	0	0	100000	0	0	0	0	0	10000	0	0	0	0	100000	0	0	0
赤铜	1		2	85	1	3	10	5	5	10	-1	-1	1	1	1	1	6	6	1	1	1	1	加最大生命	0	0	10000	0	0	0	0	100000	0	0	0	0	0	10000	0	0	0	0	100000	0	0	0	0	0	10000	0	0	0	0	100000	0	0	0	0	0	10000	0	0	0	0	100000	0	0	0
生铁	1		3	85	1	3	20	10	10	20	-1	-1	1	1	1	1	6	6	1	1	1	1	加最大生命	0	0	10000	0	0	0	0	100000	0	0	0	0	0	10000	0	0	0	0	100000	0	0	0	0	0	10000	0	0	0	0	100000	0	0	0	0	0	10000	0	0	0	0	100000	0	0	0
精钢	1		4	85	1	3	20	10	10	20	-1	-1	1	1	1	1	6	6	1	1	1	1	加最大生命	0	0	10000	0	0	0	0	100000	0	0	0	0	0	10000	0	0	0	0	100000	0	0	0	0	0	10000	0	0	0	0	100000	0	0	0	0	0	10000	0	0	0	0	100000	0	0	0
白银	1		5	85	1	3	40	30	20	40	-1	-1	1	1	1	1	6	6	1	1	1	1	加最大生命	0	0	10000	0	0	0	0	100000	0	0	0	0	0	10000	0	0	0	0	100000	0	0	0	0	0	10000	0	0	0	0	100000	0	0	0	0	0	10000	0	0	0	0	100000	0	0	0
纯银	1		6	85	1	3	40	30	20	40	-1	-1	1	1	1	1	6	6	1	1	1	1	加最大生命	0	0	10000	0	0	0	0	100000	0	0	0	0	0	10000	0	0	0	0	100000	0	0	0	0	0	10000	0	0	0	0	100000	0	0	0	0	0	10000	0	0	0	0	100000	0	0	0
黄金	1		7	85	1	3	60	40	30	60	-1	-1	1	1	1	1	6	6	1	1	1	1	加最大生命	0	0	10000	0	0	0	0	100000	0	0	0	0	0	10000	0	0	0	0	100000	0	0	0	0	0	10000	0	0	0	0	100000	0	0	0	0	0	10000	0	0	0	0	100000	0	0	0
白金	1		8	85	1	3	60	40	30	60	-1	-1	1	1	1	1	6	6	1	1	1	1	加最大生命	0	0	10000	0	0	0	0	100000	0	0	0	0	0	10000	0	0	0	0	100000	0	0	0	0	0	10000	0	0	0	0	100000	0	0	0	0	0	10000	0	0	0	0	100000	0	0	0
陨铁	1		9	85	1	3	100	60	50	100	-1	-1	1	1	1	1	6	6	1	1	1	1	加最大生命	0	0	10000	0	0	0	0	100000	0	0	0	0	0	10000	0	0	0	0	100000	0	0	0	0	0	10000	0	0	0	0	100000	0	0	0	0	0	10000	0	0	0	0	100000	0	0	0
玄铁	1		10	85	1	3	100	60	50	100	-1	-1	1	1	1	1	6	6	1	1	1	1	加最大生命	0	0	10000	0	0	0	0	100000	0	0	0	0	0	10000	0	0	0	0	100000	0	0	0	0	0	10000	0	0	0	0	100000	0	0	0	0	0	10000	0	0	0	0	100000	0	0	0
青铜	1		1	85	1	3	5	5	5	5	-1	-1	1	1	1	1	6	6	1	1	1	1	加最大生命	0	0	0	0	0	30000	0	0	0	0	0	0	0	0	0	0	30000	0	0	0	0	0	0	0	0	0	0	30000	0	0	0	0	0	0	0	0	0	0	30000	0	0	0	0	0
赤铜	1		2	85	1	3	5	5	5	5	-1	-1	1	1	1	1	6	6	1	1	1	1	加最大生命	0	0	0	0	0	30000	0	0	0	0	0	0	0	0	0	0	30000	0	0	0	0	0	0	0	0	0	0	30000	0	0	0	0	0	0	0	0	0	0	30000	0	0	0	0	0
生铁	1		3	85	1	3	10	10	10	10	-1	-1	1	1	1	1	6	6	1	1	1	1	加最大生命	0	0	0	0	0	30000	0	0	0	0	0	0	0	0	0	0	30000	0	0	0	0	0	0	0	0	0	0	30000	0	0	0	0	0	0	0	0	0	0	30000	0	0	0	0	0
精钢	1		4	85	1	3	10	10	10	10	-1	-1	1	1	1	1	6	6	1	1	1	1	加最大生命	0	0	0	0	0	30000	0	0	0	0	0	0	0	0	0	0	30000	0	0	0	0	0	0	0	0	0	0	30000	0	0	0	0	0	0	0	0	0	0	30000	0	0	0	0	0
白银	1		5	85	1	3	20	20	20	20	-1	-1	1	1	1	1	6	6	1	1	1	1	加最大生命	0	0	0	0	0	30000	0	0	0	0	0	0	0	0	0	0	30000	0	0	0	0	0	0	0	0	0	0	30000	0	0	0	0	0	0	0	0	0	0	30000	0	0	0	0	0
纯银	1		6	85	1	3	20	20	20	20	-1	-1	1	1	1	1	6	6	1	1	1	1	加最大生命	0	0	0	0	0	30000	0	0	0	0	0	0	0	0	0	0	30000	0	0	0	0	0	0	0	0	0	0	30000	0	0	0	0	0	0	0	0	0	0	30000	0	0	0	0	0
黄金	1		7	85	1	3	30	30	30	30	-1	-1	1	1	1	1	6	6	1	1	1	1	加最大生命	0	0	0	0	0	30000	0	0	0	0	0	0	0	0	0	0	30000	0	0	0	0	0	0	0	0	0	0	30000	0	0	0	0	0	0	0	0	0	0	30000	0	0	0	0	0
白金	1		8	85	1	3	30	30	30	30	-1	-1	1	1	1	1	6	6	1	1	1	1	加最大生命	0	0	0	0	0	30000	0	0	0	0	0	0	0	0	0	0	30000	0	0	0	0	0	0	0	0	0	0	30000	0	0	0	0	0	0	0	0	0	0	30000	0	0	0	0	0
陨铁	1		9	85	1	3	50	50	50	50	-1	-1	1	1	1	1	6	6	1	1	1	1	加最大生命	0	0	0	0	0	30000	0	0	0	0	0	0	0	0	0	0	30000	0	0	0	0	0	0	0	0	0	0	30000	0	0	0	0	0	0	0	0	0	0	30000	0	0	0	0	0
玄铁	1		10	85	1	3	50	50	50	50	-1	-1	1	1	1	1	6	6	1	1	1	1	加最大生命	0	0	0	0	0	30000	0	0	0	0	0	0	0	0	0	0	30000	0	0	0	0	0	0	0	0	0	0	30000	0	0	0	0	0	0	0	0	0	0	30000	0	0	0	0	0
锋利	1		1	86	3	5	10	10	10	10	-1	-1	1	1	1	1	0	0	1	1	1	1	加最大生命百分比	0	0	0	0	0	0	0	0	0	0	1000000	0	0	0	0	0	0	0	0	0	0	1000000	0	0	0	0	0	0	0	0	0	0	1000000	0	0	0	0	0	0	0	0	0	0	1000000
美好	1		2	86	3	5	10	10	10	10	-1	-1	1	1	1	1	0	0	1	1	1	1	加最大生命百分比	0	0	0	0	0	0	0	0	0	0	1000000	0	0	0	0	0	0	0	0	0	0	1000000	0	0	0	0	0	0	0	0	0	0	1000000	0	0	0	0	0	0	0	0	0	0	1000000
武士	1		3	86	3	5	10	10	10	10	-1	-1	1	1	1	1	0	0	1	1	1	1	加最大生命百分比	0	0	0	0	0	0	0	0	0	0	1000000	0	0	0	0	0	0	0	0	0	0	1000000	0	0	0	0	0	0	0	0	0	0	1000000	0	0	0	0	0	0	0	0	0	0	1000000
侠客	1		4	86	3	5	10	10	10	10	-1	-1	1	1	1	1	0	0	1	1	1	1	加最大生命百分比	0	0	0	0	0	0	0	0	0	0	1000000	0	0	0	0	0	0	0	0	0	0	1000000	0	0	0	0	0	0	0	0	0	0	1000000	0	0	0	0	0	0	0	0	0	0	1000000
霸主	1		5	86	3	5	10	10	10	10	-1	-1	1	1	1	1	0	0	1	1	1	1	加最大生命百分比	0	0	0	0	0	0	0	0	0	0	1000000	0	0	0	0	0	0	0	0	0	0	1000000	0	0	0	0	0	0	0	0	0	0	1000000	0	0	0	0	0	0	0	0	0	0	1000000
国王	1		6	86	3	5	10	10	10	10	-1	-1	1	1	1	1	0	0	1	1	1	1	加最大生命百分比	0	0	0	0	0	0	0	0	0	0	1000000	0	0	0	0	0	0	0	0	0	0	1000000	0	0	0	0	0	0	0	0	0	0	1000000	0	0	0	0	0	0	0	0	0	0	1000000
君王	1		7	86	3	5	10	10	10	10	-1	-1	1	1	1	1	0	0	1	1	1	1	加最大生命百分比	0	0	0	0	0	0	0	0	0	0	1000000	0	0	0	0	0	0	0	0	0	0	1000000	0	0	0	0	0	0	0	0	0	0	1000000	0	0	0	0	0	0	0	0	0	0	1000000
霸王	1		8	86	3	5	10	10	10	10	-1	-1	1	1	1	1	0	0	1	1	1	1	加最大生命百分比	0	0	0	0	0	0	0	0	0	0	1000000	0	0	0	0	0	0	0	0	0	0	1000000	0	0	0	0	0	0	0	0	0	0	1000000	0	0	0	0	0	0	0	0	0	0	1000000
皇帝	1		9	86	3	5	10	10	10	10	-1	-1	1	1	1	1	0	0	1	1	1	1	加最大生命百分比	0	0	0	0	0	0	0	0	0	0	1000000	0	0	0	0	0	0	0	0	0	0	1000000	0	0	0	0	0	0	0	0	0	0	1000000	0	0	0	0	0	0	0	0	0	0	1000000
玉帝	1		10	86	3	5	10	10	10	10	-1	-1	1	1	1	1	0	0	1	1	1	1	加最大生命百分比	0	0	0	0	0	0	0	0	0	0	1000000	0	0	0	0	0	0	0	0	0	0	1000000	0	0	0	0	0	0	0	0	0	0	1000000	0	0	0	0	0	0	0	0	0	0	1000000
快速	1		1	87	0	0	1	1	1	1	-1	-1	1	1	1	1	0	0	1	1	1	1	加生命现在值	0	0	0	0	0	0	0	0	0	0	0	0	0	0	0	0	0	0	0	0	0	0	0	0	0	0	0	0	0	0	0	0	0	0	0	0	0	0	0	0	0	0	0	0
急速	1		2	87	0	0	1	1	1	1	-1	-1	1	1	1	1	0	0	1	1	1	1	加生命现在值	0	0	0	0	0	0	0	0	0	0	0	0	0	0	0	0	0	0	0	0	0	0	0	0	0	0	0	0	0	0	0	0	0	0	0	0	0	0	0	0	0	0	0	0
电速	1		3	87	0	0	1	1	1	1	-1	-1	1	1	1	1	0	0	1	1	1	1	加生命现在值	0	0	0	0	0	0	0	0	0	0	0	0	0	0	0	0	0	0	0	0	0	0	0	0	0	0	0	0	0	0	0	0	0	0	0	0	0	0	0	0	0	0	0	0
刺穿	1		4	87	0	0	1	1	1	1	-1	-1	1	1	1	1	0	0	1	1	1	1	加生命现在值	0	0	0	0	0	0	0	0	0	0	0	0	0	0	0	0	0	0	0	0	0	0	0	0	0	0	0	0	0	0	0	0	0	0	0	0	0	0	0	0	0	0	0	0
永恒	1		5	87	0	0	1	1	1	1	-1	-1	1	1	1	1	0	0	1	1	1	1	加生命现在值	0	0	0	0	0	0	0	0	0	0	0	0	0	0	0	0	0	0	0	0	0	0	0	0	0	0	0	0	0	0	0	0	0	0	0	0	0	0	0	0	0	0	0	0
结实	1		6	87	0	0	1	1	1	1	-1	-1	1	1	1	1	0	0	1	1	1	1	加生命现在值	0	0	0	0	0	0	0	0	0	0	0	0	0	0	0	0	0	0	0	0	0	0	0	0	0	0	0	0	0	0	0	0	0	0	0	0	0	0	0	0	0	0	0	0
硬化	1		7	87	0	0	1	1	1	1	-1	-1	1	1	1	1	0	0	1	1	1	1	加生命现在值	0	0	0	0	0	0	0	0	0	0	0	0	0	0	0	0	0	0	0	0	0	0	0	0	0	0	0	0	0	0	0	0	0	0	0	0	0	0	0	0	0	0	0	0
钢铁	1		8	87	0	0	1	1	1	1	-1	-1	1	1	1	1	0	0	1	1	1	1	加生命现在值	0	0	0	0	0	0	0	0	0	0	0	0	0	0	0	0	0	0	0	0	0	0	0	0	0	0	0	0	0	0	0	0	0	0	0	0	0	0	0	0	0	0	0	0
坚固	1		9	87	0	0	1	1	1	1	-1	-1	1	1	1	1	0	0	1	1	1	1	加生命现在值	0	0	0	0	0	0	0	0	0	0	0	0	0	0	0	0	0	0	0	0	0	0	0	0	0	0	0	0	0	0	0	0	0	0	0	0	0	0	0	0	0	0	0	0
坚强	1		10	87	0	0	1	1	1	1	-1	-1	1	1	1	1	0	0	1	1	1	1	加生命现在值	0	0	0	0	0	0	0	0	0	0	0	0	0	0	0	0	0	0	0	0	0	0	0	0	0	0	0	0	0	0	0	0	0	0	0	0	0	0	0	0	0	0	0	0
圣洁	1		1	88	1	3	2	2	2	2	-1	-1	1	1	1	1	0	0	1	1	1	1	加生命恢复	0	0	0	0	0	0	0	0	0	0	0	0	0	0	0	0	0	0	0	0	0	0	0	0	0	0	0	0	0	0	0	0	0	0	0	0	0	0	0	0	0	0	0	0
圣洁	1		2	88	1	3	2	2	2	2	-1	-1	1	1	1	1	0	0	1	1	1	1	加生命恢复	0	0	0	0	0	0	0	0	0	0	0	0	0	0	0	0	0	0	0	0	0	0	0	0	0	0	0	0	0	0	0	0	0	0	0	0	0	0	0	0	0	0	0	0
祝福	1		3	88	1	3	3	3	3	3	-1	-1	1	1	1	1	0	0	1	1	1	1	加生命恢复	0	0	50000	0	0	0	0	0	0	5000	0	0	0	50000	0	0	0	0	0	0	5000	0	0	0	50000	0	0	0	0	0	0	5000	0	0	0	50000	0	0	0	0	0	0	5000	0
祝福	1		4	88	1	3	3	3	3	3	-1	-1	1	1	1	1	0	0	1	1	1	1	加生命恢复	0	0	50000	0	0	0	0	0	0	5000	0	0	0	50000	0	0	0	0	0	0	5000	0	0	0	50000	0	0	0	0	0	0	5000	0	0	0	50000	0	0	0	0	0	0	5000	0
神佑	1		5	88	1	3	4	4	4	4	-1	-1	1	1	1	1	0	0	1	1	1	1	加生命恢复	0	0	50000	0	0	0	0	0	0	5000	0	0	0	50000	0	0	0	0	0	0	5000	0	0	0	50000	0	0	0	0	0	0	5000	0	0	0	50000	0	0	0	0	0	0	5000	0
快速	1		6	88	1	3	4	4	4	4	-1	-1	1	1	1	1	0	0	1	1	1	1	加生命恢复	0	0	50000	0	0	0	0	0	0	5000	0	0	0	50000	0	0	0	0	0	0	5000	0	0	0	50000	0	0	0	0	0	0	5000	0	0	0	50000	0	0	0	0	0	0	5000	0
勿忙	1		7	88	1	3	5	5	5	5	-1	-1	1	1	1	1	0	0	1	1	1	1	加生命恢复	0	0	50000	0	0	0	0	0	0	5000	0	0	0	50000	0	0	0	0	0	0	5000	0	0	0	50000	0	0	0	0	0	0	5000	0	0	0	50000	0	0	0	0	0	0	5000	0
迅速	1		8	88	1	3	5	5	5	5	-1	-1	1	1	1	1	0	0	1	1	1	1	加生命恢复	0	0	50000	0	0	0	0	0	0	5000	0	0	0	50000	0	0	0	0	0	0	5000	0	0	0	50000	0	0	0	0	0	0	5000	0	0	0	50000	0	0	0	0	0	0	5000	0
飞翔	1		9	88	1	3	6	6	6	6	-1	-1	1	1	1	1	0	0	1	1	1	1	加生命恢复	0	0	50000	0	0	0	0	0	0	5000	0	0	0	50000	0	0	0	0	0	0	5000	0	0	0	50000	0	0	0	0	0	0	5000	0	0	0	50000	0	0	0	0	0	0	5000	0
夸父	1		10	88	1	3	6	6	6	6	-1	-1	1	1	1	1	0	0	1	1	1	1	加生命恢复	0	0	50000	0	0	0	0	0	0	5000	0	0	0	50000	0	0	0	0	0	0	5000	0	0	0	50000	0	0	0	0	0	0	5000	0	0	0	50000	0	0	0	0	0	0	5000	0
荆刺	1		1	89	1	3	5	10	5	5	-1	-1	1	1	1	1	0	0	1	1	1	1	加最大内力	0	0	10000	0	0	0	0	100000	0	0	0	0	0	10000	0	0	0	0	100000	0	0	0	0	0	10000	0	0	0	0	100000	0	0	0	0	0	10000	0	0	0	0	100000	0	0	0
倒刺	1		2	89	1	3	5	10	5	5	-1	-1	1	1	1	1	0	0	1	1	1	1	加最大内力	0	0	10000	0	0	0	0	100000	0	0	0	0	0	10000	0	0	0	0	100000	0	0	0	0	0	10000	0	0	0	0	100000	0	0	0	0	0	10000	0	0	0	0	100000	0	0	0
天平	1		3	89	1	3	10	20	10	10	-1	-1	1	1	1	1	0	0	1	1	1	1	加最大内力	0	0	10000	0	0	0	0	100000	0	0	0	0	0	10000	0	0	0	0	100000	0	0	0	0	0	10000	0	0	0	0	100000	0	0	0	0	0	10000	0	0	0	0	100000	0	0	0
稳定	1		4	89	1	3	10	20	10	10	-1	-1	1	1	1	1	0	0	1	1	1	1	加最大内力	0	0	10000	0	0	0	0	100000	0	0	0	0	0	10000	0	0	0	0	100000	0	0	0	0	0	10000	0	0	0	0	100000	0	0	0	0	0	10000	0	0	0	0	100000	0	0	0
均衡	1		5	89	1	3	30	40	20	30	-1	-1	1	1	1	1	0	0	1	1	1	1	加最大内力	0	0	10000	0	0	0	0	100000	0	0	0	0	0	10000	0	0	0	0	100000	0	0	0	0	0	10000	0	0	0	0	100000	0	0	0	0	0	10000	0	0	0	0	100000	0	0	0
光明	1		6	89	1	3	30	40	20	30	-1	-1	1	1	1	1	0	0	1	1	1	1	加最大内力	0	0	10000	0	0	0	0	100000	0	0	0	0	0	10000	0	0	0	0	100000	0	0	0	0	0	10000	0	0	0	0	100000	0	0	0	0	0	10000	0	0	0	0	100000	0	0	0
明亮	1		7	89	1	3	40	60	30	40	-1	-1	1	1	1	1	0	0	1	1	1	1	加最大内力	0	0	10000	0	0	0	0	100000	0	0	0	0	0	10000	0	0	0	0	100000	0	0	0	0	0	10000	0	0	0	0	100000	0	0	0	0	0	10000	0	0	0	0	100000	0	0	0
发光	1		8	89	1	3	40	60	30	40	-1	-1	1	1	1	1	0	0	1	1	1	1	加最大内力	0	0	10000	0	0	0	0	100000	0	0	0	0	0	10000	0	0	0	0	100000	0	0	0	0	0	10000	0	0	0	0	100000	0	0	0	0	0	10000	0	0	0	0	100000	0	0	0
闪烁	1		9	89	1	3	60	100	50	60	-1	-1	1	1	1	1	0	0	1	1	1	1	加最大内力	0	0	10000	0	0	0	0	100000	0	0	0	0	0	10000	0	0	0	0	100000	0	0	0	0	0	10000	0	0	0	0	100000	0	0	0	0	0	10000	0	0	0	0	100000	0	0	0
光辉	1		10	89	1	3	60	100	50	60	-1	-1	1	1	1	1	0	0	1	1	1	1	加最大内力	0	0	10000	0	0	0	0	100000	0	0	0	0	0	10000	0	0	0	0	100000	0	0	0	0	0	10000	0	0	0	0	100000	0	0	0	0	0	10000	0	0	0	0	100000	0	0	0
荆刺	1		1	89	1	3	5	5	5	5	-1	-1	1	1	1	1	0	0	1	1	1	1	加最大内力	0	0	0	0	0	0	30000	0	0	0	0	0	0	0	0	0	0	30000	0	0	0	0	0	0	0	0	0	0	30000	0	0	0	0	0	0	0	0	0	0	30000	0	0	0	0
倒刺	1		2	89	1	3	5	5	5	5	-1	-1	1	1	1	1	0	0	1	1	1	1	加最大内力	0	0	0	0	0	0	30000	0	0	0	0	0	0	0	0	0	0	30000	0	0	0	0	0	0	0	0	0	0	30000	0	0	0	0	0	0	0	0	0	0	30000	0	0	0	0
天平	1		3	89	1	3	10	10	10	10	-1	-1	1	1	1	1	0	0	1	1	1	1	加最大内力	0	0	0	0	0	0	30000	0	0	0	0	0	0	0	0	0	0	30000	0	0	0	0	0	0	0	0	0	0	30000	0	0	0	0	0	0	0	0	0	0	30000	0	0	0	0
稳定	1		4	89	1	3	10	10	10	10	-1	-1	1	1	1	1	0	0	1	1	1	1	加最大内力	0	0	0	0	0	0	30000	0	0	0	0	0	0	0	0	0	0	30000	0	0	0	0	0	0	0	0	0	0	30000	0	0	0	0	0	0	0	0	0	0	30000	0	0	0	0
均衡	1		5	89	1	3	20	20	20	20	-1	-1	1	1	1	1	0	0	1	1	1	1	加最大内力	0	0	0	0	0	0	30000	0	0	0	0	0	0	0	0	0	0	30000	0	0	0	0	0	0	0	0	0	0	30000	0	0	0	0	0	0	0	0	0	0	30000	0	0	0	0
光明	1		6	89	1	3	20	20	20	20	-1	-1	1	1	1	1	0	0	1	1	1	1	加最大内力	0	0	0	0	0	0	30000	0	0	0	0	0	0	0	0	0	0	30000	0	0	0	0	0	0	0	0	0	0	30000	0	0	0	0	0	0	0	0	0	0	30000	0	0	0	0
明亮	1		7	89	1	3	30	30	30	30	-1	-1	1	1	1	1	0	0	1	1	1	1	加最大内力	0	0	0	0	0	0	30000	0	0	0	0	0	0	0	0	0	0	30000	0	0	0	0	0	0	0	0	0	0	30000	0	0	0	0	0	0	0	0	0	0	30000	0	0	0	0
发光	1		8	89	1	3	30	30	30	30	-1	-1	1	1	1	1	0	0	1	1	1	1	加最大内力	0	0	0	0	0	0	30000	0	0	0	0	0	0	0	0	0	0	30000	0	0	0	0	0	0	0	0	0	0	30000	0	0	0	0	0	0	0	0	0	0	30000	0	0	0	0
闪烁	1		9	89	1	3	50	50	50	50	-1	-1	1	1	1	1	0	0	1	1	1	1	加最大内力	0	0	0	0	0	0	30000	0	0	0	0	0	0	0	0	0	0	30000	0	0	0	0	0	0	0	0	0	0	30000	0	0	0	0	0	0	0	0	0	0	30000	0	0	0	0
光辉	1		10	89	1	3	50	50	50	50	-1	-1	1	1	1	1	0	0	1	1	1	1	加最大内力	0	0	0	0	0	0	30000	0	0	0	0	0	0	0	0	0	0	30000	0	0	0	0	0	0	0	0	0	0	30000	0	0	0	0	0	0	0	0	0	0	30000	0	0	0	0
太阳	1		1	90	3	5	10	10	10	10	-1	-1	1	1	1	1	0	0	1	1	1	1	加最大内力百分比	0	0	0	0	0	0	0	0	0	0	1000000	0	0	0	0	0	0	0	0	0	0	1000000	0	0	0	0	0	0	0	0	0	0	1000000	0	0	0	0	0	0	0	0	0	0	1000000
大师	1		2	90	3	5	10	10	10	10	-1	-1	1	1	1	1	0	0	1	1	1	1	加最大内力百分比	0	0	0	0	0	0	0	0	0	0	1000000	0	0	0	0	0	0	0	0	0	0	1000000	0	0	0	0	0	0	0	0	0	0	1000000	0	0	0	0	0	0	0	0	0	0	1000000
宗师	1		3	90	3	5	10	10	10	10	-1	-1	1	1	1	1	0	0	1	1	1	1	加最大内力百分比	0	0	0	0	0	0	0	0	0	0	1000000	0	0	0	0	0	0	0	0	0	0	1000000	0	0	0	0	0	0	0	0	0	0	1000000	0	0	0	0	0	0	0	0	0	0	1000000
清醒	1		4	90	3	5	10	10	10	10	-1	-1	1	1	1	1	0	0	1	1	1	1	加最大内力百分比	0	0	0	0	0	0	0	0	0	0	1000000	0	0	0	0	0	0	0	0	0	0	1000000	0	0	0	0	0	0	0	0	0	0	1000000	0	0	0	0	0	0	0	0	0	0	1000000
菱镜	1		5	90	3	5	10	10	10	10	-1	-1	1	1	1	1	0	0	1	1	1	1	加最大内力百分比	0	0	0	0	0	0	0	0	0	0	1000000	0	0	0	0	0	0	0	0	0	0	1000000	0	0	0	0	0	0	0	0	0	0	1000000	0	0	0	0	0	0	0	0	0	0	1000000
彩虹	1		6	90	3	5	10	10	10	10	-1	-1	1	1	1	1	0	0	1	1	1	1	加最大内力百分比	0	0	0	0	0	0	0	0	0	0	1000000	0	0	0	0	0	0	0	0	0	0	1000000	0	0	0	0	0	0	0	0	0	0	1000000	0	0	0	0	0	0	0	0	0	0	1000000
七彩	1		7	90	3	5	10	10	10	10	-1	-1	1	1	1	1	0	0	1	1	1	1	加最大内力百分比	0	0	0	0	0	0	0	0	0	0	1000000	0	0	0	0	0	0	0	0	0	0	1000000	0	0	0	0	0	0	0	0	0	0	1000000	0	0	0	0	0	0	0	0	0	0	1000000
光芒	1		8	90	3	5	10	10	10	10	-1	-1	1	1	1	1	0	0	1	1	1	1	加最大内力百分比	0	0	0	0	0	0	0	0	0	0	1000000	0	0	0	0	0	0	0	0	0	0	1000000	0	0	0	0	0	0	0	0	0	0	1000000	0	0	0	0	0	0	0	0	0	0	1000000
闪亮	1		9	90	3	5	10	10	10	10	-1	-1	1	1	1	1	0	0	1	1	1	1	加最大内力百分比	0	0	0	0	0	0	0	0	0	0	1000000	0	0	0	0	0	0	0	0	0	0	1000000	0	0	0	0	0	0	0	0	0	0	1000000	0	0	0	0	0	0	0	0	0	0	1000000
霓虹	1		10	90	3	5	10	10	10	10	-1	-1	1	1	1	1	0	0	1	1	1	1	加最大内力百分比	0	0	0	0	0	0	0	0	0	0	1000000	0	0	0	0	0	0	0	0	0	0	1000000	0	0	0	0	0	0	0	0	0	0	1000000	0	0	0	0	0	0	0	0	0	0	1000000
霓虹	1		1	91	0	0	1	1	1	1	-1	-1	1	1	1	1	0	0	1	1	1	1	加内力现在值	0	0	0	0	0	0	0	0	0	0	0	0	0	0	0	0	0	0	0	0	0	0	0	0	0	0	0	0	0	0	0	0	0	0	0	0	0	0	0	0	0	0	0	0
霓虹	1		2	91	0	0	1	1	1	1	-1	-1	1	1	1	1	0	0	1	1	1	1	加内力现在值	0	0	0	0	0	0	0	0	0	0	0	0	0	0	0	0	0	0	0	0	0	0	0	0	0	0	0	0	0	0	0	0	0	0	0	0	0	0	0	0	0	0	0	0
钻石	1		3	91	0	0	1	1	1	1	-1	-1	1	1	1	1	0	0	1	1	1	1	加内力现在值	0	0	0	0	0	0	0	0	0	0	0	0	0	0	0	0	0	0	0	0	0	0	0	0	0	0	0	0	0	0	0	0	0	0	0	0	0	0	0	0	0	0	0	0
虹霓	1		4	91	0	0	1	1	1	1	-1	-1	1	1	1	1	0	0	1	1	1	1	加内力现在值	0	0	0	0	0	0	0	0	0	0	0	0	0	0	0	0	0	0	0	0	0	0	0	0	0	0	0	0	0	0	0	0	0	0	0	0	0	0	0	0	0	0	0	0
吸血	1		5	91	0	0	1	1	1	1	-1	-1	1	1	1	1	0	0	1	1	1	1	加内力现在值	0	0	0	0	0	0	0	0	0	0	0	0	0	0	0	0	0	0	0	0	0	0	0	0	0	0	0	0	0	0	0	0	0	0	0	0	0	0	0	0	0	0	0	0
蚊子	1		6	91	0	0	1	1	1	1	-1	-1	1	1	1	1	0	0	1	1	1	1	加内力现在值	0	0	0	0	0	0	0	0	0	0	0	0	0	0	0	0	0	0	0	0	0	0	0	0	0	0	0	0	0	0	0	0	0	0	0	0	0	0	0	0	0	0	0	0
水蛭	1		7	91	0	0	1	1	1	1	-1	-1	1	1	1	1	0	0	1	1	1	1	加内力现在值	0	0	0	0	0	0	0	0	0	0	0	0	0	0	0	0	0	0	0	0	0	0	0	0	0	0	0	0	0	0	0	0	0	0	0	0	0	0	0	0	0	0	0	0
食人花	1		8	91	0	0	1	1	1	1	-1	-1	1	1	1	1	0	0	1	1	1	1	加内力现在值	0	0	0	0	0	0	0	0	0	0	0	0	0	0	0	0	0	0	0	0	0	0	0	0	0	0	0	0	0	0	0	0	0	0	0	0	0	0	0	0	0	0	0	0
蝙蝠	1		9	91	0	0	1	1	1	1	-1	-1	1	1	1	1	0	0	1	1	1	1	加内力现在值	0	0	0	0	0	0	0	0	0	0	0	0	0	0	0	0	0	0	0	0	0	0	0	0	0	0	0	0	0	0	0	0	0	0	0	0	0	0	0	0	0	0	0	0
鬼魂	1		10	91	0	0	1	1	1	1	-1	-1	1	1	1	1	0	0	1	1	1	1	加内力现在值	0	0	0	0	0	0	0	0	0	0	0	0	0	0	0	0	0	0	0	0	0	0	0	0	0	0	0	0	0	0	0	0	0	0	0	0	0	0	0	0	0	0	0	0
蝗虫	1		1	92	1	3	2	2	2	2	-1	-1	1	1	1	1	0	0	1	1	1	1	加内力恢复	0	0	0	0	0	0	0	0	0	0	0	0	0	0	0	0	0	0	0	0	0	0	0	0	0	0	0	0	0	0	0	0	0	0	0	0	0	0	0	0	0	0	0	0
蚱蜢	1		2	92	1	3	2	2	2	2	-1	-1	1	1	1	1	0	0	1	1	1	1	加内力恢复	0	0	0	0	0	0	0	0	0	0	0	0	0	0	0	0	0	0	0	0	0	0	0	0	0	0	0	0	0	0	0	0	0	0	0	0	0	0	0	0	0	0	0	0
朴素	1		3	92	1	3	3	3	3	3	-1	-1	1	1	1	1	0	0	1	1	1	1	加内力恢复	0	0	0	0	0	0	50000	0	0	5000	0	0	0	0	0	0	0	50000	0	0	5000	0	0	0	0	0	0	0	50000	0	0	5000	0	0	0	0	0	0	0	50000	0	0	5000	0
易用	1		4	92	1	3	3	3	3	3	-1	-1	1	1	1	1	0	0	1	1	1	1	加内力恢复	0	0	0	0	0	0	50000	0	0	5000	0	0	0	0	0	0	0	50000	0	0	5000	0	0	0	0	0	0	0	50000	0	0	5000	0	0	0	0	0	0	0	50000	0	0	5000	0
简单	1		5	92	1	3	4	4	4	4	-1	-1	1	1	1	1	0	0	1	1	1	1	加内力恢复	0	0	0	0	0	0	50000	0	0	5000	0	0	0	0	0	0	0	50000	0	0	5000	0	0	0	0	0	0	0	50000	0	0	5000	0	0	0	0	0	0	0	50000	0	0	5000	0
安逸	1		6	92	1	3	4	4	4	4	-1	-1	1	1	1	1	0	0	1	1	1	1	加内力恢复	0	0	0	0	0	0	50000	0	0	5000	0	0	0	0	0	0	0	50000	0	0	5000	0	0	0	0	0	0	0	50000	0	0	5000	0	0	0	0	0	0	0	50000	0	0	5000	0
悠闲	1		7	92	1	3	5	5	5	5	-1	-1	1	1	1	1	0	0	1	1	1	1	加内力恢复	0	0	0	0	0	0	50000	0	0	5000	0	0	0	0	0	0	0	50000	0	0	5000	0	0	0	0	0	0	0	50000	0	0	5000	0	0	0	0	0	0	0	50000	0	0	5000	0
生命	1		8	92	1	3	5	5	5	5	-1	-1	1	1	1	1	0	0	1	1	1	1	加内力恢复	0	0	0	0	0	0	50000	0	0	5000	0	0	0	0	0	0	0	50000	0	0	5000	0	0	0	0	0	0	0	50000	0	0	5000	0	0	0	0	0	0	0	50000	0	0	5000	0
长寿	1		9	92	1	3	6	6	6	6	-1	-1	1	1	1	1	0	0	1	1	1	1	加内力恢复	0	0	0	0	0	0	50000	0	0	5000	0	0	0	0	0	0	0	50000	0	0	5000	0	0	0	0	0	0	0	50000	0	0	5000	0	0	0	0	0	0	0	50000	0	0	5000	0
长寿	1		10	92	1	3	6	6	6	6	-1	-1	1	1	1	1	0	0	1	1	1	1	加内力恢复	0	0	0	0	0	0	50000	0	0	5000	0	0	0	0	0	0	0	50000	0	0	5000	0	0	0	0	0	0	0	50000	0	0	5000	0	0	0	0	0	0	0	50000	0	0	5000	0
长生	1		1	97	0	0	1	1	1	1	-1	-1	1	1	1	1	0	0	1	1	1	1	加力量	0	0	0	0	0	0	0	0	0	0	0	0	0	0	0	0	0	0	0	0	0	0	0	0	0	0	0	0	0	0	0	0	0	0	0	0	0	0	0	0	0	0	0	0
长生	1		2	97	0	0	1	1	1	1	-1	-1	1	1	1	1	0	0	1	1	1	1	加力量	0	0	0	0	0	0	0	0	0	0	0	0	0	0	0	0	0	0	0	0	0	0	0	0	0	0	0	0	0	0	0	0	0	0	0	0	0	0	0	0	0	0	0	0
生动	1		3	97	0	0	1	1	1	1	-1	-1	1	1	1	1	0	0	1	1	1	1	加力量	0	0	0	0	0	0	0	0	0	0	0	0	0	0	0	0	0	0	0	0	0	0	0	0	0	0	0	0	0	0	0	0	0	0	0	0	0	0	0	0	0	0	0	0
生动	1		4	97	0	0	1	1	1	1	-1	-1	1	1	1	1	0	0	1	1	1	1	加力量	0	0	0	0	0	0	0	0	0	0	0	0	0	0	0	0	0	0	0	0	0	0	0	0	0	0	0	0	0	0	0	0	0	0	0	0	0	0	0	0	0	0	0	0
生灵	1		5	97	0	0	1	1	1	1	-1	-1	1	1	1	1	0	0	1	1	1	1	加力量	0	0	0	0	0	0	0	0	0	0	0	0	0	0	0	0	0	0	0	0	0	0	0	0	0	0	0	0	0	0	0	0	0	0	0	0	0	0	0	0	0	0	0	0
生灵	1		6	97	0	0	1	1	1	1	-1	-1	1	1	1	1	0	0	1	1	1	1	加力量	0	0	0	0	0	0	0	0	0	0	0	0	0	0	0	0	0	0	0	0	0	0	0	0	0	0	0	0	0	0	0	0	0	0	0	0	0	0	0	0	0	0	0	0
长命	1		7	97	0	0	1	1	1	1	-1	-1	1	1	1	1	0	0	1	1	1	1	加力量	0	0	0	0	0	0	0	0	0	0	0	0	0	0	0	0	0	0	0	0	0	0	0	0	0	0	0	0	0	0	0	0	0	0	0	0	0	0	0	0	0	0	0	0
内力	1		8	97	0	0	1	1	1	1	-1	-1	1	1	1	1	0	0	1	1	1	1	加力量	0	0	0	0	0	0	0	0	0	0	0	0	0	0	0	0	0	0	0	0	0	0	0	0	0	0	0	0	0	0	0	0	0	0	0	0	0	0	0	0	0	0	0	0
活力	1		9	97	0	0	1	1	1	1	-1	-1	1	1	1	1	0	0	1	1	1	1	加力量	0	0	0	0	0	0	0	0	0	0	0	0	0	0	0	0	0	0	0	0	0	0	0	0	0	0	0	0	0	0	0	0	0	0	0	0	0	0	0	0	0	0	0	0
活力	1		10	97	0	0	1	1	1	1	-1	-1	1	1	1	1	0	0	1	1	1	1	加力量	0	0	0	0	0	0	0	0	0	0	0	0	0	0	0	0	0	0	0	0	0	0	0	0	0	0	0	0	0	0	0	0	0	0	0	0	0	0	0	0	0	0	0	0
旺盛	1		1	98	0	0	1	1	1	1	-1	-1	1	1	1	1	0	0	1	1	1	1	加身法	0	0	0	0	0	0	0	0	0	0	0	0	0	0	0	0	0	0	0	0	0	0	0	0	0	0	0	0	0	0	0	0	0	0	0	0	0	0	0	0	0	0	0	0
旺盛	1		2	98	0	0	1	1	1	1	-1	-1	1	1	1	1	0	0	1	1	1	1	加身法	0	0	0	0	0	0	0	0	0	0	0	0	0	0	0	0	0	0	0	0	0	0	0	0	0	0	0	0	0	0	0	0	0	0	0	0	0	0	0	0	0	0	0	0
深厚	1		3	98	0	0	1	1	1	1	-1	-1	1	1	1	1	0	0	1	1	1	1	加身法	0	0	0	0	0	0	0	0	0	0	0	0	0	0	0	0	0	0	0	0	0	0	0	0	0	0	0	0	0	0	0	0	0	0	0	0	0	0	0	0	0	0	0	0
深厚	1		4	98	0	0	1	1	1	1	-1	-1	1	1	1	1	0	0	1	1	1	1	加身法	0	0	0	0	0	0	0	0	0	0	0	0	0	0	0	0	0	0	0	0	0	0	0	0	0	0	0	0	0	0	0	0	0	0	0	0	0	0	0	0	0	0	0	0
无穷	1		5	98	0	0	1	1	1	1	-1	-1	1	1	1	1	0	0	1	1	1	1	加身法	0	0	0	0	0	0	0	0	0	0	0	0	0	0	0	0	0	0	0	0	0	0	0	0	0	0	0	0	0	0	0	0	0	0	0	0	0	0	0	0	0	0	0	0
无穷	1		6	98	0	0	1	1	1	1	-1	-1	1	1	1	1	0	0	1	1	1	1	加身法	0	0	0	0	0	0	0	0	0	0	0	0	0	0	0	0	0	0	0	0	0	0	0	0	0	0	0	0	0	0	0	0	0	0	0	0	0	0	0	0	0	0	0	0
无尽	1		7	98	0	0	1	1	1	1	-1	-1	1	1	1	1	0	0	1	1	1	1	加身法	0	0	0	0	0	0	0	0	0	0	0	0	0	0	0	0	0	0	0	0	0	0	0	0	0	0	0	0	0	0	0	0	0	0	0	0	0	0	0	0	0	0	0	0
持久	1		8	98	0	0	1	1	1	1	-1	-1	1	1	1	1	0	0	1	1	1	1	加身法	0	0	0	0	0	0	0	0	0	0	0	0	0	0	0	0	0	0	0	0	0	0	0	0	0	0	0	0	0	0	0	0	0	0	0	0	0	0	0	0	0	0	0	0
持久	1		9	98	0	0	1	1	1	1	-1	-1	1	1	1	1	0	0	1	1	1	1	加身法	0	0	0	0	0	0	0	0	0	0	0	0	0	0	0	0	0	0	0	0	0	0	0	0	0	0	0	0	0	0	0	0	0	0	0	0	0	0	0	0	0	0	0	0
持久	1		10	98	0	0	1	1	1	1	-1	-1	1	1	1	1	0	0	1	1	1	1	加身法	0	0	0	0	0	0	0	0	0	0	0	0	0	0	0	0	0	0	0	0	0	0	0	0	0	0	0	0	0	0	0	0	0	0	0	0	0	0	0	0	0	0	0	0
持久	1		1	99	0	0	1	1	1	1	-1	-1	1	1	1	1	0	0	1	1	1	1	加体质	0	0	0	0	0	0	0	0	0	0	0	0	0	0	0	0	0	0	0	0	0	0	0	0	0	0	0	0	0	0	0	0	0	0	0	0	0	0	0	0	0	0	0	0
不断	1		2	99	0	0	1	1	1	1	-1	-1	1	1	1	1	0	0	1	1	1	1	加体质	0	0	0	0	0	0	0	0	0	0	0	0	0	0	0	0	0	0	0	0	0	0	0	0	0	0	0	0	0	0	0	0	0	0	0	0	0	0	0	0	0	0	0	0
不断	1		3	99	0	0	1	1	1	1	-1	-1	1	1	1	1	0	0	1	1	1	1	加体质	0	0	0	0	0	0	0	0	0	0	0	0	0	0	0	0	0	0	0	0	0	0	0	0	0	0	0	0	0	0	0	0	0	0	0	0	0	0	0	0	0	0	0	0
不断	1		4	99	0	0	1	1	1	1	-1	-1	1	1	1	1	0	0	1	1	1	1	加体质	0	0	0	0	0	0	0	0	0	0	0	0	0	0	0	0	0	0	0	0	0	0	0	0	0	0	0	0	0	0	0	0	0	0	0	0	0	0	0	0	0	0	0	0
不断	1		5	99	0	0	1	1	1	1	-1	-1	1	1	1	1	0	0	1	1	1	1	加体质	0	0	0	0	0	0	0	0	0	0	0	0	0	0	0	0	0	0	0	0	0	0	0	0	0	0	0	0	0	0	0	0	0	0	0	0	0	0	0	0	0	0	0	0
渊远	1		6	99	0	0	1	1	1	1	-1	-1	1	1	1	1	0	0	1	1	1	1	加体质	0	0	0	0	0	0	0	0	0	0	0	0	0	0	0	0	0	0	0	0	0	0	0	0	0	0	0	0	0	0	0	0	0	0	0	0	0	0	0	0	0	0	0	0
渊远	1		7	99	0	0	1	1	1	1	-1	-1	1	1	1	1	0	0	1	1	1	1	加体质	0	0	0	0	0	0	0	0	0	0	0	0	0	0	0	0	0	0	0	0	0	0	0	0	0	0	0	0	0	0	0	0	0	0	0	0	0	0	0	0	0	0	0	0
春天	1		8	99	0	0	1	1	1	1	-1	-1	1	1	1	1	0	0	1	1	1	1	加体质	0	0	0	0	0	0	0	0	0	0	0	0	0	0	0	0	0	0	0	0	0	0	0	0	0	0	0	0	0	0	0	0	0	0	0	0	0	0	0	0	0	0	0	0
春天	1		9	99	0	0	1	1	1	1	-1	-1	1	1	1	1	0	0	1	1	1	1	加体质	0	0	0	0	0	0	0	0	0	0	0	0	0	0	0	0	0	0	0	0	0	0	0	0	0	0	0	0	0	0	0	0	0	0	0	0	0	0	0	0	0	0	0	0
柔和	1		10	99	0	0	1	1	1	1	-1	-1	1	1	1	1	0	0	1	1	1	1	加体质	0	0	0	0	0	0	0	0	0	0	0	0	0	0	0	0	0	0	0	0	0	0	0	0	0	0	0	0	0	0	0	0	0	0	0	0	0	0	0	0	0	0	0	0
柔和	1		1	100	0	0	1	1	1	1	-1	-1	1	1	1	1	0	0	1	1	1	1	加悟性	0	0	0	0	0	0	0	0	0	0	0	0	0	0	0	0	0	0	0	0	0	0	0	0	0	0	0	0	0	0	0	0	0	0	0	0	0	0	0	0	0	0	0	0
温柔	1		2	100	0	0	1	1	1	1	-1	-1	1	1	1	1	0	0	1	1	1	1	加悟性	0	0	0	0	0	0	0	0	0	0	0	0	0	0	0	0	0	0	0	0	0	0	0	0	0	0	0	0	0	0	0	0	0	0	0	0	0	0	0	0	0	0	0	0
温柔	1		3	100	0	0	1	1	1	1	-1	-1	1	1	1	1	0	0	1	1	1	1	加悟性	0	0	0	0	0	0	0	0	0	0	0	0	0	0	0	0	0	0	0	0	0	0	0	0	0	0	0	0	0	0	0	0	0	0	0	0	0	0	0	0	0	0	0	0
复活	1		4	100	0	0	1	1	1	1	-1	-1	1	1	1	1	0	0	1	1	1	1	加悟性	0	0	0	0	0	0	0	0	0	0	0	0	0	0	0	0	0	0	0	0	0	0	0	0	0	0	0	0	0	0	0	0	0	0	0	0	0	0	0	0	0	0	0	0
复活	1		5	100	0	0	1	1	1	1	-1	-1	1	1	1	1	0	0	1	1	1	1	加悟性	0	0	0	0	0	0	0	0	0	0	0	0	0	0	0	0	0	0	0	0	0	0	0	0	0	0	0	0	0	0	0	0	0	0	0	0	0	0	0	0	0	0	0	0
苏醒	1		6	100	0	0	1	1	1	1	-1	-1	1	1	1	1	0	0	1	1	1	1	加悟性	0	0	0	0	0	0	0	0	0	0	0	0	0	0	0	0	0	0	0	0	0	0	0	0	0	0	0	0	0	0	0	0	0	0	0	0	0	0	0	0	0	0	0	0
重生	1		7	100	0	0	1	1	1	1	-1	-1	1	1	1	1	0	0	1	1	1	1	加悟性	0	0	0	0	0	0	0	0	0	0	0	0	0	0	0	0	0	0	0	0	0	0	0	0	0	0	0	0	0	0	0	0	0	0	0	0	0	0	0	0	0	0	0	0
大海	1		8	100	0	0	1	1	1	1	-1	-1	1	1	1	1	0	0	1	1	1	1	加悟性	0	0	0	0	0	0	0	0	0	0	0	0	0	0	0	0	0	0	0	0	0	0	0	0	0	0	0	0	0	0	0	0	0	0	0	0	0	0	0	0	0	0	0	0
大海	1		9	100	0	0	1	1	1	1	-1	-1	1	1	1	1	0	0	1	1	1	1	加悟性	0	0	0	0	0	0	0	0	0	0	0	0	0	0	0	0	0	0	0	0	0	0	0	0	0	0	0	0	0	0	0	0	0	0	0	0	0	0	0	0	0	0	0	0
汹涌	1		10	100	0	0	1	1	1	1	-1	-1	1	1	1	1	0	0	1	1	1	1	加悟性	0	0	0	0	0	0	0	0	0	0	0	0	0	0	0	0	0	0	0	0	0	0	0	0	0	0	0	0	0	0	0	0	0	0	0	0	0	0	0	0	0	0	0	0
汹涌	1		1	102	0	0	1	1	1	1	-1	-1	1	1	1	1	0	0	1	1	1	1	加火防	0	0	0	0	0	0	0	0	0	0	0	0	0	0	0	0	0	0	0	0	0	0	0	0	0	0	0	0	0	0	0	0	0	0	0	0	0	0	0	0	0	0	0	0
汹涌	1		2	102	0	0	1	1	1	1	-1	-1	1	1	1	1	0	0	1	1	1	1	加火防	0	0	0	0	0	0	0	0	0	0	0	0	0	0	0	0	0	0	0	0	0	0	0	0	0	0	0	0	0	0	0	0	0	0	0	0	0	0	0	0	0	0	0	0
惊涛	1		3	102	1	2	5	5	5	5	-1	-1	1	1	1	1	0	0	1	1	1	1	加火防	0	0	100000	0	0	100000	100000	100000	0	100000	0	0	0	100000	0	0	100000	100000	100000	0	100000	0	0	0	100000	0	0	100000	100000	100000	0	100000	0	0	0	100000	0	0	100000	100000	100000	0	100000	0
惊涛	1		4	102	1	2	5	5	5	5	-1	-1	1	1	1	1	0	0	1	1	1	1	加火防	0	0	100000	0	0	100000	100000	100000	0	100000	0	0	0	100000	0	0	100000	100000	100000	0	100000	0	0	0	100000	0	0	100000	100000	100000	0	100000	0	0	0	100000	0	0	100000	100000	100000	0	100000	0
骤雨	1		5	102	1	2	5	5	5	5	-1	-1	1	1	1	1	0	0	1	1	1	1	加火防	0	0	100000	0	0	100000	100000	100000	0	100000	0	0	0	100000	0	0	100000	100000	100000	0	100000	0	0	0	100000	0	0	100000	100000	100000	0	100000	0	0	0	100000	0	0	100000	100000	100000	0	100000	0
骤雨	1		6	102	1	2	5	5	5	5	-1	-1	1	1	1	1	0	0	1	1	1	1	加火防	0	0	100000	0	0	100000	100000	100000	0	100000	0	0	0	100000	0	0	100000	100000	100000	0	100000	0	0	0	100000	0	0	100000	100000	100000	0	100000	0	0	0	100000	0	0	100000	100000	100000	0	100000	0
浪潮	1		7	102	1	2	5	5	5	5	-1	-1	1	1	1	1	0	0	1	1	1	1	加火防	0	0	100000	0	0	100000	100000	100000	0	100000	0	0	0	100000	0	0	100000	100000	100000	0	100000	0	0	0	100000	0	0	100000	100000	100000	0	100000	0	0	0	100000	0	0	100000	100000	100000	0	100000	0
充沛	1		8	102	1	2	5	5	5	5	-1	-1	1	1	1	1	0	0	1	1	1	1	加火防	0	0	100000	0	0	100000	100000	100000	0	100000	0	0	0	100000	0	0	100000	100000	100000	0	100000	0	0	0	100000	0	0	100000	100000	100000	0	100000	0	0	0	100000	0	0	100000	100000	100000	0	100000	0
充沛	1		9	102	1	2	5	5	5	5	-1	-1	1	1	1	1	0	0	1	1	1	1	加火防	0	0	100000	0	0	100000	100000	100000	0	100000	0	0	0	100000	0	0	100000	100000	100000	0	100000	0	0	0	100000	0	0	100000	100000	100000	0	100000	0	0	0	100000	0	0	100000	100000	100000	0	100000	0
充沛	1		10	102	1	2	5	5	5	5	-1	-1	1	1	1	1	0	0	1	1	1	1	加火防	0	0	100000	0	0	100000	100000	100000	0	100000	0	0	0	100000	0	0	100000	100000	100000	0	100000	0	0	0	100000	0	0	100000	100000	100000	0	100000	0	0	0	100000	0	0	100000	100000	100000	0	100000	0
充沛	1		1	103	0	0	1	1	1	1	-1	-1	1	1	1	1	0	0	1	1	1	1	加电防	0	0	0	0	0	0	0	0	0	0	0	0	0	0	0	0	0	0	0	0	0	0	0	0	0	0	0	0	0	0	0	0	0	0	0	0	0	0	0	0	0	0	0	0
柔韧	1		2	103	0	0	1	1	1	1	-1	-1	1	1	1	1	0	0	1	1	1	1	加电防	0	0	0	0	0	0	0	0	0	0	0	0	0	0	0	0	0	0	0	0	0	0	0	0	0	0	0	0	0	0	0	0	0	0	0	0	0	0	0	0	0	0	0	0
柔韧	1		3	103	1	2	5	5	5	5	-1	-1	1	1	1	1	0	0	1	1	1	1	加电防	0	0	100000	0	0	100000	100000	100000	0	100000	0	0	0	100000	0	0	100000	100000	100000	0	100000	0	0	0	100000	0	0	100000	100000	100000	0	100000	0	0	0	100000	0	0	100000	100000	100000	0	100000	0
柔韧	1		4	103	1	2	5	5	5	5	-1	-1	1	1	1	1	0	0	1	1	1	1	加电防	0	0	100000	0	0	100000	100000	100000	0	100000	0	0	0	100000	0	0	100000	100000	100000	0	100000	0	0	0	100000	0	0	100000	100000	100000	0	100000	0	0	0	100000	0	0	100000	100000	100000	0	100000	0
追日	1		5	103	1	2	5	5	5	5	-1	-1	1	1	1	1	0	0	1	1	1	1	加电防	0	0	100000	0	0	100000	100000	100000	0	100000	0	0	0	100000	0	0	100000	100000	100000	0	100000	0	0	0	100000	0	0	100000	100000	100000	0	100000	0	0	0	100000	0	0	100000	100000	100000	0	100000	0
追日	1		6	103	1	2	5	5	5	5	-1	-1	1	1	1	1	0	0	1	1	1	1	加电防	0	0	100000	0	0	100000	100000	100000	0	100000	0	0	0	100000	0	0	100000	100000	100000	0	100000	0	0	0	100000	0	0	100000	100000	100000	0	100000	0	0	0	100000	0	0	100000	100000	100000	0	100000	0
追日	1		7	103	1	2	5	5	5	5	-1	-1	1	1	1	1	0	0	1	1	1	1	加电防	0	0	100000	0	0	100000	100000	100000	0	100000	0	0	0	100000	0	0	100000	100000	100000	0	100000	0	0	0	100000	0	0	100000	100000	100000	0	100000	0	0	0	100000	0	0	100000	100000	100000	0	100000	0
碧绿	0	0	8	103	1	2	5	5	5	5	-1	-1	1	1	1	1	0	0	1	1	1	1	加电防	0	0	100000	0	0	100000	100000	100000	0	100000	0	0	0	100000	0	0	100000	100000	100000	0	100000	0	0	0	100000	0	0	100000	100000	100000	0	100000	0	0	0	100000	0	0	100000	100000	100000	0	100000	0
绿松石	0	0	9	103	1	2	5	5	5	5	-1	-1	1	1	1	1	0	0	1	1	1	1	加电防	0	0	100000	0	0	100000	100000	100000	0	100000	0	0	0	100000	0	0	100000	100000	100000	0	100000	0	0	0	100000	0	0	100000	100000	100000	0	100000	0	0	0	100000	0	0	100000	100000	100000	0	100000	0
碧玉	0	0	10	103	1	2	5	5	5	5	-1	-1	1	1	1	1	0	0	1	1	1	1	加电防	0	0	100000	0	0	100000	100000	100000	0	100000	0	0	0	100000	0	0	100000	100000	100000	0	100000	0	0	0	100000	0	0	100000	100000	100000	0	100000	0	0	0	100000	0	0	100000	100000	100000	0	100000	0
绿宝石	0	0	1	104	0	0	1	1	1	1	-1	-1	1	1	1	1	0	0	1	1	1	1	加物理免疫	0	0	0	0	0	0	0	0	0	0	0	0	0	0	0	0	0	0	0	0	0	0	0	0	0	0	0	0	0	0	0	0	0	0	0	0	0	0	0	0	0	0	0	0
翡翠	0	0	2	104	0	0	1	1	1	1	-1	-1	1	1	1	1	0	0	1	1	1	1	加物理免疫	0	0	0	0	0	0	0	0	0	0	0	0	0	0	0	0	0	0	0	0	0	0	0	0	0	0	0	0	0	0	0	0	0	0	0	0	0	0	0	0	0	0	0	0
强力	0	0	3	104	0	0	1	1	1	1	-1	-1	1	1	1	1	0	0	1	1	1	1	加物理免疫	0	0	0	0	0	0	0	0	0	0	0	0	0	0	0	0	0	0	0	0	0	0	0	0	0	0	0	0	0	0	0	0	0	0	0	0	0	0	0	0	0	0	0	0
强力	0	0	4	104	0	0	1	1	1	1	-1	-1	1	1	1	1	0	0	1	1	1	1	加物理免疫	0	0	0	0	0	0	0	0	0	0	0	0	0	0	0	0	0	0	0	0	0	0	0	0	0	0	0	0	0	0	0	0	0	0	0	0	0	0	0	0	0	0	0	0
威力	0	0	5	104	0	0	1	1	1	1	-1	-1	1	1	1	1	0	0	1	1	1	1	加物理免疫	0	0	0	0	0	0	0	0	0	0	0	0	0	0	0	0	0	0	0	0	0	0	0	0	0	0	0	0	0	0	0	0	0	0	0	0	0	0	0	0	0	0	0	0
威力	0	0	6	104	0	0	1	1	1	1	-1	-1	1	1	1	1	0	0	1	1	1	1	加物理免疫	0	0	0	0	0	0	0	0	0	0	0	0	0	0	0	0	0	0	0	0	0	0	0	0	0	0	0	0	0	0	0	0	0	0	0	0	0	0	0	0	0	0	0	0
力量	0	0	7	104	0	0	1	1	1	1	-1	-1	1	1	1	1	0	0	1	1	1	1	加物理免疫	0	0	0	0	0	0	0	0	0	0	0	0	0	0	0	0	0	0	0	0	0	0	0	0	0	0	0	0	0	0	0	0	0	0	0	0	0	0	0	0	0	0	0	0
力量	0	0	8	104	0	0	1	1	1	1	-1	-1	1	1	1	1	0	0	1	1	1	1	加物理免疫	0	0	0	0	0	0	0	0	0	0	0	0	0	0	0	0	0	0	0	0	0	0	0	0	0	0	0	0	0	0	0	0	0	0	0	0	0	0	0	0	0	0	0	0
野牛	0	0	9	104	0	0	1	1	1	1	-1	-1	1	1	1	1	0	0	1	1	1	1	加物理免疫	0	0	0	0	0	0	0	0	0	0	0	0	0	0	0	0	0	0	0	0	0	0	0	0	0	0	0	0	0	0	0	0	0	0	0	0	0	0	0	0	0	0	0	0
巨人	0	0	10	104	0	0	1	1	1	1	-1	-1	1	1	1	1	0	0	1	1	1	1	加物理免疫	0	0	0	0	0	0	0	0	0	0	0	0	0	0	0	0	0	0	0	0	0	0	0	0	0	0	0	0	0	0	0	0	0	0	0	0	0	0	0	0	0	0	0	0
山神	0	0	1	105	0	0	1	1	1	1	-1	-1	1	1	1	1	0	0	1	1	1	1	加冰防	0	0	0	0	0	0	0	0	0	0	0	0	0	0	0	0	0	0	0	0	0	0	0	0	0	0	0	0	0	0	0	0	0	0	0	0	0	0	0	0	0	0	0	0
共工	0	0	2	105	0	0	1	1	1	1	-1	-1	1	1	1	1	0	0	1	1	1	1	加冰防	0	0	0	0	0	0	0	0	0	0	0	0	0	0	0	0	0	0	0	0	0	0	0	0	0	0	0	0	0	0	0	0	0	0	0	0	0	0	0	0	0	0	0	0
锐金	0	0	3	105	1	2	5	5	5	5	-1	-1	1	1	1	1	0	0	1	1	1	1	加冰防	0	0	100000	0	0	100000	100000	100000	0	100000	0	0	0	100000	0	0	100000	100000	100000	0	100000	0	0	0	100000	0	0	100000	100000	100000	0	100000	0	0	0	100000	0	0	100000	100000	100000	0	100000	0
锐金	0	0	4	105	1	2	5	5	5	5	-1	-1	1	1	1	1	0	0	1	1	1	1	加冰防	0	0	100000	0	0	100000	100000	100000	0	100000	0	0	0	100000	0	0	100000	100000	100000	0	100000	0	0	0	100000	0	0	100000	100000	100000	0	100000	0	0	0	100000	0	0	100000	100000	100000	0	100000	0
锐金	0	0	5	105	1	2	5	5	5	5	-1	-1	1	1	1	1	0	0	1	1	1	1	加冰防	0	0	100000	0	0	100000	100000	100000	0	100000	0	0	0	100000	0	0	100000	100000	100000	0	100000	0	0	0	100000	0	0	100000	100000	100000	0	100000	0	0	0	100000	0	0	100000	100000	100000	0	100000	0
锐金	0	0	6	105	1	2	5	5	5	5	-1	-1	1	1	1	1	0	0	1	1	1	1	加冰防	0	0	100000	0	0	100000	100000	100000	0	100000	0	0	0	100000	0	0	100000	100000	100000	0	100000	0	0	0	100000	0	0	100000	100000	100000	0	100000	0	0	0	100000	0	0	100000	100000	100000	0	100000	0
锐金	0	0	7	105	1	2	5	5	5	5	-1	-1	1	1	1	1	0	0	1	1	1	1	加冰防	0	0	100000	0	0	100000	100000	100000	0	100000	0	0	0	100000	0	0	100000	100000	100000	0	100000	0	0	0	100000	0	0	100000	100000	100000	0	100000	0	0	0	100000	0	0	100000	100000	100000	0	100000	0
锐金	0	0	8	105	1	2	5	5	5	5	-1	-1	1	1	1	1	0	0	1	1	1	1	加冰防	0	0	100000	0	0	100000	100000	100000	0	100000	0	0	0	100000	0	0	100000	100000	100000	0	100000	0	0	0	100000	0	0	100000	100000	100000	0	100000	0	0	0	100000	0	0	100000	100000	100000	0	100000	0
锐金	0	0	9	105	1	2	5	5	5	5	-1	-1	1	1	1	1	0	0	1	1	1	1	加冰防	0	0	100000	0	0	100000	100000	100000	0	100000	0	0	0	100000	0	0	100000	100000	100000	0	100000	0	0	0	100000	0	0	100000	100000	100000	0	100000	0	0	0	100000	0	0	100000	100000	100000	0	100000	0
锐金	0	0	10	105	1	2	5	5	5	5	-1	-1	1	1	1	1	0	0	1	1	1	1	加冰防	0	0	100000	0	0	100000	100000	100000	0	100000	0	0	0	100000	0	0	100000	100000	100000	0	100000	0	0	0	100000	0	0	100000	100000	100000	0	100000	0	0	0	100000	0	0	100000	100000	100000	0	100000	0
锐金	0	0	1	106	0	0	1	1	1	1	-1	-1	1	1	1	1	0	0	1	1	1	1	减冰冻时间	0	0	0	0	0	0	0	0	0	0	0	0	0	0	0	0	0	0	0	0	0	0	0	0	0	0	0	0	0	0	0	0	0	0	0	0	0	0	0	0	0	0	0	0
锐金	0	0	2	106	0	0	1	1	1	1	-1	-1	1	1	1	1	0	0	1	1	1	1	减冰冻时间	0	0	0	0	0	0	0	0	0	0	0	0	0	0	0	0	0	0	0	0	0	0	0	0	0	0	0	0	0	0	0	0	0	0	0	0	0	0	0	0	0	0	0	0
金精	0	0	3	106	0	0	1	1	1	1	-1	-1	1	1	1	1	0	0	1	1	1	1	减冰冻时间	0	0	0	0	0	0	0	0	0	0	0	0	0	0	0	0	0	0	0	0	0	0	0	0	0	0	0	0	0	0	0	0	0	0	0	0	0	0	0	0	0	0	0	0
金魄	0	0	4	106	0	0	1	1	1	1	-1	-1	1	1	1	1	0	0	1	1	1	1	减冰冻时间	0	0	0	0	0	0	0	0	0	0	0	0	0	0	0	0	0	0	0	0	0	0	0	0	0	0	0	0	0	0	0	0	0	0	0	0	0	0	0	0	0	0	0	0
金神	0	0	5	106	0	0	1	1	1	1	-1	-1	1	1	1	1	0	0	1	1	1	1	减冰冻时间	0	0	0	0	0	0	0	0	0	0	0	0	0	0	0	0	0	0	0	0	0	0	0	0	0	0	0	0	0	0	0	0	0	0	0	0	0	0	0	0	0	0	0	0
深红	0	2	6	106	1	2	10	10	10	10	-1	-1	1	1	1	1	0	0	1	1	1	1	减冰冻时间	0	0	0	0	0	20000	0	0	0	10000	10000	0	0	0	0	0	20000	0	0	0	0	10000	0	0	0	0	0	20000	0	0	0	10000	10000	0	0	0	0	0	20000	0	0	0	10000	10000
羽花石	0	2	7	106	1	2	10	10	10	10	-1	-1	1	1	1	1	0	0	1	1	1	1	减冰冻时间	0	0	0	0	0	20000	0	0	0	10000	10000	0	0	0	0	0	20000	0	0	0	0	10000	0	0	0	0	0	20000	0	0	0	10000	10000	0	0	0	0	0	20000	0	0	0	10000	10000
火暴	0	2	8	106	1	2	10	10	10	10	-1	-1	1	1	1	1	0	0	1	1	1	1	减冰冻时间	0	0	0	0	0	20000	0	0	0	10000	10000	0	0	0	0	0	20000	0	0	0	0	10000	0	0	0	0	0	20000	0	0	0	10000	10000	0	0	0	0	0	20000	0	0	0	10000	10000
棉红	0	2	9	106	2	3	10	10	10	10	-1	-1	1	1	1	1	0	0	1	1	1	1	减冰冻时间	0	0	0	0	0	20000	0	0	0	10000	10000	0	0	0	0	0	20000	0	0	0	0	10000	0	0	0	0	0	20000	0	0	0	10000	10000	0	0	0	0	0	20000	0	0	0	10000	10000
红宝石	0	2	10	106	2	3	10	10	10	10	-1	-1	1	1	1	1	0	0	1	1	1	1	减冰冻时间	0	0	0	0	0	20000	0	0	0	10000	10000	0	0	0	0	0	20000	0	0	0	0	10000	0	0	0	0	0	20000	0	0	0	10000	10000	0	0	0	0	0	20000	0	0	0	10000	10000
冰精	0	2	1	113	0	0	1	1	1	1	-1	-1	1	1	1	1	0	0	1	1	1	1	快速回复打击	0	0	0	0	0	0	0	0	0	0	0	0	0	0	0	0	0	0	0	0	0	0	0	0	0	0	0	0	0	0	0	0	0	0	0	0	0	0	0	0	0	0	0	0
冰魄	0	2	2	113	0	0	1	1	1	1	-1	-1	1	1	1	1	0	0	1	1	1	1	快速回复打击	0	0	0	0	0	0	0	0	0	0	0	0	0	0	0	0	0	0	0	0	0	0	0	0	0	0	0	0	0	0	0	0	0	0	0	0	0	0	0	0	0	0	0	0
冰神	0	2	3	113	0	0	1	1	1	1	-1	-1	1	1	1	1	0	0	1	1	1	1	快速回复打击	0	0	0	0	0	0	0	0	0	0	0	0	0	0	0	0	0	0	0	0	0	0	0	0	0	0	0	0	0	0	0	0	0	0	0	0	0	0	0	0	0	0	0	0
体质	0	2	4	113	0	0	1	1	1	1	-1	-1	1	1	1	1	0	0	1	1	1	1	快速回复打击	0	0	0	0	0	0	0	0	0	0	0	0	0	0	0	0	0	0	0	0	0	0	0	0	0	0	0	0	0	0	0	0	0	0	0	0	0	0	0	0	0	0	0	0
狡猾	0	2	5	113	0	0	1	1	1	1	-1	-1	1	1	1	1	0	0	1	1	1	1	快速回复打击	0	0	0	0	0	0	0	0	0	0	0	0	0	0	0	0	0	0	0	0	0	0	0	0	0	0	0	0	0	0	0	0	0	0	0	0	0	0	0	0	0	0	0	0
残忍	0	2	6	113	1	2	10	10	10	10	-1	-1	1	1	1	1	0	0	1	1	1	1	快速回复打击	0	0	50000	0	0	0	0	0	0	10000	10000	0	0	10000	0	0	0	0	0	0	0	10000	0	0	10000	0	0	0	0	0	0	10000	10000	0	0	50000	0	0	0	0	0	0	10000	10000
贪婪	0	2	7	113	1	2	10	10	10	10	-1	-1	1	1	1	1	0	0	1	1	1	1	快速回复打击	0	0	50000	0	0	0	0	0	0	10000	10000	0	0	10000	0	0	0	0	0	0	0	10000	0	0	10000	0	0	0	0	0	0	10000	10000	0	0	50000	0	0	0	0	0	0	10000	10000
凶暴	0	2	8	113	1	2	10	10	10	10	-1	-1	1	1	1	1	0	0	1	1	1	1	快速回复打击	0	0	50000	0	0	0	0	0	0	10000	10000	0	0	10000	0	0	0	0	0	0	0	10000	0	0	10000	0	0	0	0	0	0	10000	10000	0	0	50000	0	0	0	0	0	0	10000	10000
宠大	0	2	9	113	2	3	10	10	10	10	-1	-1	1	1	1	1	0	0	1	1	1	1	快速回复打击	0	0	50000	0	0	0	0	0	0	10000	10000	0	0	10000	0	0	0	0	0	0	0	10000	0	0	10000	0	0	0	0	0	0	10000	10000	0	0	50000	0	0	0	0	0	0	10000	10000
猛虎	0	2	10	113	2	3	10	10	10	10	-1	-1	1	1	1	1	0	0	1	1	1	1	快速回复打击	0	0	50000	0	0	0	0	0	0	10000	10000	0	0	10000	0	0	0	0	0	0	0	10000	0	0	10000	0	0	0	0	0	0	10000	10000	0	0	50000	0	0	0	0	0	0	10000	10000
长鲵	0	2	1	114	0	0	1	1	1	1	-1	-1	1	1	1	1	0	0	1	1	1	1	加全防	0	0	0	0	0	0	0	0	0	0	0	0	0	0	0	0	0	0	0	0	0	0	0	0	0	0	0	0	0	0	0	0	0	0	0	0	0	0	0	0	0	0	0	0
巨灵	0	2	2	114	0	0	1	1	1	1	-1	-1	1	1	1	1	0	0	1	1	1	1	加全防	0	0	0	0	0	0	0	0	0	0	0	0	0	0	0	0	0	0	0	0	0	0	0	0	0	0	0	0	0	0	0	0	0	0	0	0	0	0	0	0	0	0	0	0
女娲	0	2	3	114	0	0	1	1	1	1	-1	-1	1	1	1	1	0	0	1	1	1	1	加全防	0	0	0	0	0	0	0	0	0	0	0	0	0	0	0	0	0	0	0	0	0	0	0	0	0	0	0	0	0	0	0	0	0	0	0	0	0	0	0	0	0	0	0	0
寒冷	0	2	4	114	0	0	1	1	1	1	-1	-1	1	1	1	1	0	0	1	1	1	1	加全防	0	0	0	0	0	0	0	0	0	0	0	0	0	0	0	0	0	0	0	0	0	0	0	0	0	0	0	0	0	0	0	0	0	0	0	0	0	0	0	0	0	0	0	0
霜冻	0	2	5	114	0	0	1	1	1	1	-1	-1	1	1	1	1	0	0	1	1	1	1	加全防	0	0	0	0	0	0	0	0	0	0	0	0	0	0	0	0	0	0	0	0	0	0	0	0	0	0	0	0	0	0	0	0	0	0	0	0	0	0	0	0	0	0	0	0
严寒	0	2	6	114	0	0	1	1	1	1	-1	-1	1	1	1	1	0	0	1	1	1	1	加全防	0	0	0	0	0	0	0	0	0	0	0	0	0	0	0	0	0	0	0	0	0	0	0	0	0	0	0	0	0	0	0	0	0	0	0	0	0	0	0	0	0	0	0	0
冰冻	0	2	7	114	0	0	1	1	1	1	-1	-1	1	1	1	1	0	0	1	1	1	1	加全防	0	0	0	0	0	0	0	0	0	0	0	0	0	0	0	0	0	0	0	0	0	0	0	0	0	0	0	0	0	0	0	0	0	0	0	0	0	0	0	0	0	0	0	0
冰河	0	2	8	114	0	0	1	1	1	1	-1	-1	1	1	1	1	0	0	1	1	1	1	加全防	0	0	0	0	0	0	0	0	0	0	0	0	0	0	0	0	0	0	0	0	0	0	0	0	0	0	0	0	0	0	0	0	0	0	0	0	0	0	0	0	0	0	0	0
寒冬	0	2	9	114	0	0	1	1	1	1	-1	-1	1	1	1	1	0	0	1	1	1	1	加全防	0	0	0	0	0	0	0	0	0	0	0	0	0	0	0	0	0	0	0	0	0	0	0	0	0	0	0	0	0	0	0	0	0	0	0	0	0	0	0	0	0	0	0	0
严冬	0	2	10	114	0	0	1	1	1	1	-1	-1	1	1	1	1	0	0	1	1	1	1	加全防	0	0	0	0	0	0	0	0	0	0	0	0	0	0	0	0	0	0	0	0	0	0	0	0	0	0	0	0	0	0	0	0	0	0	0	0	0	0	0	0	0	0	0	0
严冰	0	2	1	115	0	0	1	1	1	1	-1	-1	1	1	1	1	6	6	1	1	1	1	加攻速	0	0	0	0	0	0	0	0	0	0	0	0	0	0	0	0	0	0	0	0	0	0	0	0	0	0	0	0	0	0	0	0	0	0	0	0	0	0	0	0	0	0	0	0
冰极	0	2	2	115	0	0	1	1	1	1	-1	-1	1	1	1	1	6	6	1	1	1	1	加攻速	0	0	0	0	0	0	0	0	0	0	0	0	0	0	0	0	0	0	0	0	0	0	0	0	0	0	0	0	0	0	0	0	0	0	0	0	0	0	0	0	0	0	0	0
颛顼	0	2	3	115	1	1	10	1	10	10	-1	-1	1	1	1	1	6	6	1	1	1	1	加攻速	30000	0	0	0	0	0	0	0	0	10000	10000	0	0	0	0	0	0	0	0	0	0	0	10000	0	0	0	0	0	0	0	0	5000	10000	30000	0	0	0	0	0	0	0	0	10000	10000
琥珀	0	1	4	115	1	1	10	1	10	10	-1	-1	1	1	1	1	6	6	1	1	1	1	加攻速	30000	0	0	0	0	0	0	0	0	10000	10000	0	0	0	0	0	0	0	0	0	0	0	10000	0	0	0	0	0	0	0	0	5000	10000	30000	0	0	0	0	0	0	0	0	10000	10000
黄玫瑰	0	1	5	115	1	2	10	1	10	10	-1	-1	1	1	1	1	6	6	1	1	1	1	加攻速	30000	0	0	0	0	0	0	0	0	10000	10000	0	0	0	0	0	0	0	0	0	0	0	10000	0	0	0	0	0	0	0	0	5000	10000	30000	0	0	0	0	0	0	0	0	10000	10000
黄宝石	0	1	6	115	1	2	10	1	10	10	-1	-1	1	1	1	1	6	6	1	1	1	1	加攻速	30000	0	0	0	0	0	0	0	0	10000	10000	0	0	0	0	0	0	0	0	0	0	0	10000	0	0	0	0	0	0	0	0	5000	10000	30000	0	0	0	0	0	0	0	0	10000	10000
黄玉	0	1	7	115	1	2	10	1	10	10	-1	-1	1	1	1	1	6	6	1	1	1	1	加攻速	30000	0	0	0	0	0	0	0	0	10000	10000	0	0	0	0	0	0	0	0	0	0	0	10000	0	0	0	0	0	0	0	0	5000	10000	30000	0	0	0	0	0	0	0	0	10000	10000
蓝水晶	0	1	8	115	1	3	10	1	10	10	-1	-1	1	1	1	1	6	6	1	1	1	1	加攻速	30000	0	0	0	0	0	0	0	0	10000	10000	0	0	0	0	0	0	0	0	0	0	0	10000	0	0	0	0	0	0	0	0	5000	10000	30000	0	0	0	0	0	0	0	0	10000	10000
木精	0	1	9	115	1	3	10	1	10	10	-1	-1	1	1	1	1	6	6	1	1	1	1	加攻速	30000	0	0	0	0	0	0	0	0	10000	10000	0	0	0	0	0	0	0	0	0	0	0	10000	0	0	0	0	0	0	0	0	5000	10000	30000	0	0	0	0	0	0	0	0	10000	10000
木魄	0	1	10	115	1	3	10	1	10	10	-1	-1	1	1	1	1	6	6	1	1	1	1	加攻速	30000	0	0	0	0	0	0	0	0	10000	10000	0	0	0	0	0	0	0	0	0	0	0	10000	0	0	0	0	0	0	0	0	5000	10000	30000	0	0	0	0	0	0	0	0	10000	10000
木神	0	1	1	116	0	0	1	1	1	1	-1	-1	1	1	1	1	0	0	1	1	1	1	加施法速度	0	0	0	0	0	0	0	0	0	0	0	0	0	0	0	0	0	0	0	0	0	0	0	0	0	0	0	0	0	0	0	0	0	0	0	0	0	0	0	0	0	0	0	0
运气	0	1	2	116	0	0	1	1	1	1	-1	-1	1	1	1	1	0	0	1	1	1	1	加施法速度	0	0	0	0	0	0	0	0	0	0	0	0	0	0	0	0	0	0	0	0	0	0	0	0	0	0	0	0	0	0	0	0	0	0	0	0	0	0	0	0	0	0	0	0
好运	0	1	3	116	1	1	1	10	10	1	-1	-1	1	1	1	1	0	0	1	1	1	1	加施法速度	0	0	0	0	0	0	0	0	0	0	0	30000	0	0	0	0	0	0	0	0	10000	10000	10000	0	0	0	0	0	0	0	0	5000	10000	0	0	0	0	0	0	0	0	0	0	0
偶然	0	1	4	116	1	1	1	10	10	1	-1	-1	1	1	1	1	0	0	1	1	1	1	加施法速度	0	0	0	0	0	0	0	0	0	0	0	30000	0	0	0	0	0	0	0	0	10000	10000	10000	0	0	0	0	0	0	0	0	5000	10000	0	0	0	0	0	0	0	0	0	0	0
机会	0	1	5	116	1	2	1	10	10	1	-1	-1	1	1	1	1	0	0	1	1	1	1	加施法速度	0	0	0	0	0	0	0	0	0	0	0	30000	0	0	0	0	0	0	0	0	10000	10000	10000	0	0	0	0	0	0	0	0	5000	10000	0	0	0	0	0	0	0	0	0	0	0
命运	0	1	6	116	1	2	1	10	10	1	-1	-1	1	1	1	1	0	0	1	1	1	1	加施法速度	0	0	0	0	0	0	0	0	0	0	0	30000	0	0	0	0	0	0	0	0	10000	10000	10000	0	0	0	0	0	0	0	0	5000	10000	0	0	0	0	0	0	0	0	0	0	0
碰巧	0	1	7	116	1	2	1	10	10	1	-1	-1	1	1	1	1	0	0	1	1	1	1	加施法速度	0	0	0	0	0	0	0	0	0	0	0	30000	0	0	0	0	0	0	0	0	10000	10000	10000	0	0	0	0	0	0	0	0	5000	10000	0	0	0	0	0	0	0	0	0	0	0
巧妙	0	1	8	116	1	3	1	10	10	1	-1	-1	1	1	1	1	0	0	1	1	1	1	加施法速度	0	0	0	0	0	0	0	0	0	0	0	30000	0	0	0	0	0	0	0	0	10000	10000	10000	0	0	0	0	0	0	0	0	5000	10000	0	0	0	0	0	0	0	0	0	0	0
幸福	0	1	9	116	1	3	1	10	10	1	-1	-1	1	1	1	1	0	0	1	1	1	1	加施法速度	0	0	0	0	0	0	0	0	0	0	0	30000	0	0	0	0	0	0	0	0	10000	10000	10000	0	0	0	0	0	0	0	0	5000	10000	0	0	0	0	0	0	0	0	0	0	0
天骄	0	1	10	116	1	3	1	10	10	1	-1	-1	1	1	1	1	0	0	1	1	1	1	加施法速度	0	0	0	0	0	0	0	0	0	0	0	30000	0	0	0	0	0	0	0	0	10000	10000	10000	0	0	0	0	0	0	0	0	5000	10000	0	0	0	0	0	0	0	0	0	0	0
舜	0	1	1	117	0	0	1	1	1	1	-1	-1	1	1	1	1	0	0	1	1	1	1	加伤害反弹数值	0	0	0	0	0	0	0	0	0	0	0	0	0	0	0	0	0	0	0	0	0	0	0	0	0	0	0	0	0	0	0	0	0	0	0	0	0	0	0	0	0	0	0	0
毒液	0	1	2	117	0	0	1	1	1	1	-1	-1	1	1	1	1	0	0	1	1	1	1	加伤害反弹数值	0	0	0	0	0	0	0	0	0	0	0	0	0	0	0	0	0	0	0	0	0	0	0	0	0	0	0	0	0	0	0	0	0	0	0	0	0	0	0	0	0	0	0	0
毒蛇	0	1	3	117	0	0	1	1	1	1	-1	-1	1	1	1	1	0	0	1	1	1	1	加伤害反弹数值	0	0	0	0	0	0	0	0	0	0	0	0	0	0	0	0	0	0	0	0	0	0	0	0	0	0	0	0	0	0	0	0	0	0	0	0	0	0	0	0	0	0	0	0
枯萎	0	1	4	117	0	0	1	1	1	1	-1	-1	1	1	1	1	0	0	1	1	1	1	加伤害反弹数值	0	0	0	0	0	0	0	0	0	0	0	0	0	0	0	0	0	0	0	0	0	0	0	0	0	0	0	0	0	0	0	0	0	0	0	0	0	0	0	0	0	0	0	0
瘟疫	0	1	5	117	0	0	1	1	1	1	-1	-1	1	1	1	1	0	0	1	1	1	1	加伤害反弹数值	0	0	0	0	0	0	0	0	0	0	0	0	0	0	0	0	0	0	0	0	0	0	0	0	0	0	0	0	0	0	0	0	0	0	0	0	0	0	0	0	0	0	0	0
怨恨	0	1	6	117	0	0	1	1	1	1	-1	-1	1	1	1	1	0	0	1	1	1	1	加伤害反弹数值	0	0	0	0	0	0	0	0	0	0	0	0	0	0	0	0	0	0	0	0	0	0	0	0	0	0	0	0	0	0	0	0	0	0	0	0	0	0	0	0	0	0	0	0
传染	0	1	7	117	0	0	1	1	1	1	-1	-1	1	1	1	1	0	0	1	1	1	1	加伤害反弹数值	0	0	0	0	0	0	0	0	0	0	0	0	0	0	0	0	0	0	0	0	0	0	0	0	0	0	0	0	0	0	0	0	0	0	0	0	0	0	0	0	0	0	0	0
腐烂	0	1	8	117	0	0	1	1	1	1	-1	-1	1	1	1	1	0	0	1	1	1	1	加伤害反弹数值	0	0	0	0	0	0	0	0	0	0	0	0	0	0	0	0	0	0	0	0	0	0	0	0	0	0	0	0	0	0	0	0	0	0	0	0	0	0	0	0	0	0	0	0
剧毒	0	1	9	117	0	0	1	1	1	1	-1	-1	1	1	1	1	0	0	1	1	1	1	加伤害反弹数值	0	0	0	0	0	0	0	0	0	0	0	0	0	0	0	0	0	0	0	0	0	0	0	0	0	0	0	0	0	0	0	0	0	0	0	0	0	0	0	0	0	0	0	0
致死	0	1	10	117	0	0	1	1	1	1	-1	-1	1	1	1	1	0	0	1	1	1	1	加伤害反弹数值	0	0	0	0	0	0	0	0	0	0	0	0	0	0	0	0	0	0	0	0	0	0	0	0	0	0	0	0	0	0	0	0	0	0	0	0	0	0	0	0	0	0	0	0
断魂	0	1	1	118	0	0	1	1	1	1	-1	-1	1	1	1	1	0	0	1	1	1	1	加伤害反弹百分比	0	0	0	0	0	0	0	0	0	0	0	0	0	0	0	0	0	0	0	0	0	0	0	0	0	0	0	0	0	0	0	0	0	0	0	0	0	0	0	0	0	0	0	0
无形	0	3	2	118	0	0	1	1	1	1	-1	-1	1	1	1	1	0	0	1	1	1	1	加伤害反弹百分比	0	0	0	0	0	0	0	0	0	0	0	0	0	0	0	0	0	0	0	0	0	0	0	0	0	0	0	0	0	0	0	0	0	0	0	0	0	0	0	0	0	0	0	0
缥缈	0	3	3	118	0	0	1	1	1	1	-1	-1	1	1	1	1	0	0	1	1	1	1	加伤害反弹百分比	0	0	0	0	0	0	0	0	0	0	0	0	0	0	0	0	0	0	0	0	0	0	0	0	0	0	0	0	0	0	0	0	0	0	0	0	0	0	0	0	0	0	0	0
虚幻	0	3	4	118	0	0	1	1	1	1	-1	-1	1	1	1	1	0	0	1	1	1	1	加伤害反弹百分比	0	0	0	0	0	0	0	0	0	0	0	0	0	0	0	0	0	0	0	0	0	0	0	0	0	0	0	0	0	0	0	0	0	0	0	0	0	0	0	0	0	0	0	0
灵魂	0	3	5	118	0	0	1	1	1	1	-1	-1	1	1	1	1	0	0	1	1	1	1	加伤害反弹百分比	0	0	0	0	0	0	0	0	0	0	0	0	0	0	0	0	0	0	0	0	0	0	0	0	0	0	0	0	0	0	0	0	0	0	0	0	0	0	0	0	0	0	0	0
火精	0	3	6	118	0	0	1	1	1	1	-1	-1	1	1	1	1	0	0	1	1	1	1	加伤害反弹百分比	0	0	0	0	0	0	0	0	0	0	0	0	0	0	0	0	0	0	0	0	0	0	0	0	0	0	0	0	0	0	0	0	0	0	0	0	0	0	0	0	0	0	0	0
火魄	0	3	7	118	0	0	1	1	1	1	-1	-1	1	1	1	1	0	0	1	1	1	1	加伤害反弹百分比	0	0	0	0	0	0	0	0	0	0	0	0	0	0	0	0	0	0	0	0	0	0	0	0	0	0	0	0	0	0	0	0	0	0	0	0	0	0	0	0	0	0	0	0
火神	0	3	8	118	0	0	1	1	1	1	-1	-1	1	1	1	1	0	0	1	1	1	1	加伤害反弹百分比	0	0	0	0	0	0	0	0	0	0	0	0	0	0	0	0	0	0	0	0	0	0	0	0	0	0	0	0	0	0	0	0	0	0	0	0	0	0	0	0	0	0	0	0
温暖	0	3	9	118	0	0	1	1	1	1	-1	-1	1	1	1	1	0	0	1	1	1	1	加伤害反弹百分比	0	0	0	0	0	0	0	0	0	0	0	0	0	0	0	0	0	0	0	0	0	0	0	0	0	0	0	0	0	0	0	0	0	0	0	0	0	0	0	0	0	0	0	0
热心	0	3	10	118	0	0	1	1	1	1	-1	-1	1	1	1	1	0	0	1	1	1	1	加伤害反弹百分比	0	0	0	0	0	0	0	0	0	0	0	0	0	0	0	0	0	0	0	0	0	0	0	0	0	0	0	0	0	0	0	0	0	0	0	0	0	0	0	0	0	0	0	0
火热	0	3	1	121	1	3	5	5	5	5	-1	-1	1	1	1	1	0	0	1	1	1	1	加基础伤害	100000	0	0	0	0	0	0	0	0	0	0	0	0	0	0	0	0	0	0	0	0	0	0	0	0	0	0	0	0	0	0	0	0	100000	0	0	0	0	0	0	0	0	0	0
敏捷	0	3	2	121	1	3	5	5	5	5	-1	-1	1	1	1	1	0	0	1	1	1	1	加基础伤害	100000	0	0	0	0	0	0	0	0	0	0	0	0	0	0	0	0	0	0	0	0	0	0	0	0	0	0	0	0	0	0	0	0	100000	0	0	0	0	0	0	0	0	0	0
灵巧	0	3	3	121	1	3	10	10	5	10	-1	-1	1	1	1	1	0	0	1	1	1	1	加基础伤害	100000	0	0	0	0	0	0	0	0	0	0	0	0	0	0	0	0	0	0	0	0	0	0	0	0	0	0	0	0	0	0	0	0	100000	0	0	0	0	0	0	0	0	0	0
机敏	0	3	4	121	1	3	10	10	10	10	-1	-1	1	1	1	1	0	0	1	1	1	1	加基础伤害	100000	0	0	0	0	0	0	0	0	0	0	0	0	0	0	0	0	0	0	0	0	0	0	0	0	0	0	0	0	0	0	0	0	100000	0	0	0	0	0	0	0	0	0	0
熟练	0	3	5	121	2	4	10	10	10	10	-1	-1	1	1	1	1	0	0	1	1	1	1	加基础伤害	100000	0	0	0	0	0	0	0	0	0	0	0	0	0	0	0	0	0	0	0	0	0	0	0	0	0	0	0	0	0	0	0	0	100000	0	0	0	0	0	0	0	0	0	0
巧妙	0	3	6	121	2	4	10	10	10	10	-1	-1	1	1	1	1	0	0	1	1	1	1	加基础伤害	100000	0	0	0	0	0	0	0	0	0	0	0	0	0	0	0	0	0	0	0	0	0	0	0	0	0	0	0	0	0	0	0	0	100000	0	0	0	0	0	0	0	0	0	0
精确	0	3	7	121	3	5	10	10	10	10	-1	-1	1	1	1	1	0	0	1	1	1	1	加基础伤害	100000	0	0	0	0	0	0	0	0	0	0	0	0	0	0	0	0	0	0	0	0	0	0	0	0	0	0	0	0	0	0	0	0	100000	0	0	0	0	0	0	0	0	0	0
正确	0	3	8	121	3	5	10	10	10	10	-1	-1	1	1	1	1	0	0	1	1	1	1	加基础伤害	100000	0	0	0	0	0	0	0	0	0	0	0	0	0	0	0	0	0	0	0	0	0	0	0	0	0	0	0	0	0	0	0	0	100000	0	0	0	0	0	0	0	0	0	0
清风	0	3	9	121	4	6	10	10	10	10	-1	-1	1	1	1	1	0	0	1	1	1	1	加基础伤害	100000	0	0	0	0	0	0	0	0	0	0	0	0	0	0	0	0	0	0	0	0	0	0	0	0	0	0	0	0	0	0	0	0	100000	0	0	0	0	0	0	0	0	0	0
暴风	0	3	10	121	5	7	10	10	10	10	-1	-1	1	1	1	1	0	0	1	1	1	1	加基础伤害	100000	0	0	0	0	0	0	0	0	0	0	0	0	0	0	0	0	0	0	0	0	0	0	0	0	0	0	0	0	0	0	0	0	100000	0	0	0	0	0	0	0	0	0	0
火热	0	3	1	121	1	3	5	5	5	5	-1	-1	1	1	1	1	0	0	1	1	1	1	加基础伤害	0	0	0	0	0	0	0	0	0	0	0	0	0	0	0	0	0	0	0	0	0	0	0	0	0	0	0	0	0	0	0	0	0	0	0	0	0	0	0	0	0	0	0	0
敏捷	0	3	2	121	1	3	5	5	5	5	-1	-1	1	1	1	1	0	0	1	1	1	1	加基础伤害	0	0	0	0	0	0	0	0	0	0	0	0	0	0	0	0	0	0	0	0	0	0	0	0	0	0	0	0	0	0	0	0	0	0	0	0	0	0	0	0	0	0	0	0
灵巧	0	3	3	121	1	3	10	10	5	10	-1	-1	1	1	1	1	0	0	1	1	1	1	加基础伤害	0	0	0	0	0	0	0	0	0	0	0	0	0	0	0	0	0	0	0	0	0	0	0	0	0	0	0	0	0	0	0	0	0	0	0	0	0	0	0	0	0	0	0	0
机敏	0	3	4	121	1	3	10	10	10	10	-1	-1	1	1	1	1	0	0	1	1	1	1	加基础伤害	0	0	0	0	0	0	0	0	0	0	0	0	0	0	0	0	0	0	0	0	0	0	0	0	0	0	0	0	0	0	0	0	0	0	0	0	0	0	0	0	0	0	0	0
熟练	0	3	5	121	2	4	10	10	10	10	-1	-1	1	1	1	1	0	0	1	1	1	1	加基础伤害	0	0	0	0	0	0	0	0	0	0	0	0	0	0	0	0	0	0	0	0	0	0	0	0	0	0	0	0	0	0	0	0	0	0	0	0	0	0	0	0	0	0	0	0
巧妙	0	3	6	121	2	4	10	10	10	10	-1	-1	1	1	1	1	0	0	1	1	1	1	加基础伤害	0	0	0	0	0	0	0	0	0	0	0	0	0	0	0	0	0	0	0	0	0	0	0	0	0	0	0	0	0	0	0	0	0	0	0	0	0	0	0	0	0	0	0	0
精确	0	3	7	121	3	5	10	10	10	10	-1	-1	1	1	1	1	0	0	1	1	1	1	加基础伤害	0	0	0	0	0	0	0	0	0	0	0	0	0	0	0	0	0	0	0	0	0	0	0	0	0	0	0	0	0	0	0	0	0	0	0	0	0	0	0	0	0	0	0	0
正确	0	3	8	121	3	5	10	10	10	10	-1	-1	1	1	1	1	0	0	1	1	1	1	加基础伤害	0	0	0	0	0	0	0	0	0	0	0	0	0	0	0	0	0	0	0	0	0	0	0	0	0	0	0	0	0	0	0	0	0	0	0	0	0	0	0	0	0	0	0	0
清风	0	3	9	121	3	5	10	10	10	10	-1	-1	1	1	1	1	0	0	1	1	1	1	加基础伤害	0	0	0	0	0	0	0	0	0	0	0	0	0	0	0	0	0	0	0	0	0	0	0	0	0	0	0	0	0	0	0	0	0	0	0	0	0	0	0	0	0	0	0	0
暴风	0	3	10	121	4	6	10	10	10	10	-1	-1	1	1	1	1	0	0	1	1	1	1	加基础伤害	0	0	0	0	0	0	0	0	0	0	0	0	0	0	0	0	0	0	0	0	0	0	0	0	0	0	0	0	0	0	0	0	0	0	0	0	0	0	0	0	0	0	0	0
火热	0	3	1	121	1	3	5	5	5	5	-1	-1	1	1	1	1	0	0	1	1	1	1	加基础伤害	0	0	0	0	0	0	0	0	0	0	0	0	0	0	0	0	0	0	0	0	0	0	60000	0	0	0	0	0	0	0	0	0	0	0	0	0	0	0	0	0	0	0	0	0
敏捷	0	3	2	121	1	3	5	5	5	5	-1	-1	1	1	1	1	0	0	1	1	1	1	加基础伤害	0	0	0	0	0	0	0	0	0	0	0	0	0	0	0	0	0	0	0	0	0	0	60000	0	0	0	0	0	0	0	0	0	0	0	0	0	0	0	0	0	0	0	0	0
灵巧	0	3	3	121	1	3	10	10	5	10	-1	-1	1	1	1	1	0	0	1	1	1	1	加基础伤害	0	0	0	0	0	0	0	0	0	0	0	0	0	0	0	0	0	0	0	0	0	0	60000	0	0	0	0	0	0	0	0	0	0	0	0	0	0	0	0	0	0	0	0	0
机敏	0	3	4	121	1	3	10	10	10	10	-1	-1	1	1	1	1	0	0	1	1	1	1	加基础伤害	0	0	0	0	0	0	0	0	0	0	0	0	0	0	0	0	0	0	0	0	0	0	60000	0	0	0	0	0	0	0	0	0	0	0	0	0	0	0	0	0	0	0	0	0
熟练	0	3	5	121	1	3	10	10	10	10	-1	-1	1	1	1	1	0	0	1	1	1	1	加基础伤害	0	0	0	0	0	0	0	0	0	0	0	0	0	0	0	0	0	0	0	0	0	0	60000	0	0	0	0	0	0	0	0	0	0	0	0	0	0	0	0	0	0	0	0	0
巧妙	0	3	6	121	1	3	10	10	10	10	-1	-1	1	1	1	1	0	0	1	1	1	1	加基础伤害	0	0	0	0	0	0	0	0	0	0	0	0	0	0	0	0	0	0	0	0	0	0	60000	0	0	0	0	0	0	0	0	0	0	0	0	0	0	0	0	0	0	0	0	0
精确	0	3	7	121	2	4	10	10	10	10	-1	-1	1	1	1	1	0	0	1	1	1	1	加基础伤害	0	0	0	0	0	0	0	0	0	0	0	0	0	0	0	0	0	0	0	0	0	0	60000	0	0	0	0	0	0	0	0	0	0	0	0	0	0	0	0	0	0	0	0	0
正确	0	3	8	121	2	4	10	10	10	10	-1	-1	1	1	1	1	0	0	1	1	1	1	加基础伤害	0	0	0	0	0	0	0	0	0	0	0	0	0	0	0	0	0	0	0	0	0	0	60000	0	0	0	0	0	0	0	0	0	0	0	0	0	0	0	0	0	0	0	0	0
清风	0	3	9	121	2	4	10	10	10	10	-1	-1	1	1	1	1	0	0	1	1	1	1	加基础伤害	0	0	0	0	0	0	0	0	0	0	0	0	0	0	0	0	0	0	0	0	0	0	60000	0	0	0	0	0	0	0	0	0	0	0	0	0	0	0	0	0	0	0	0	0
暴风	0	3	10	121	3	5	10	10	10	10	-1	-1	1	1	1	1	0	0	1	1	1	1	加基础伤害	0	0	0	0	0	0	0	0	0	0	0	0	0	0	0	0	0	0	0	0	0	0	60000	0	0	0	0	0	0	0	0	0	0	0	0	0	0	0	0	0	0	0	0	0
疾电	0	3	1	122	1	3	5	5	5	5	-1	-1	1	1	1	1	0	0	1	1	1	1	加火伤害	60000	0	0	0	0	0	0	0	0	0	0	0	0	0	0	0	0	0	0	0	0	0	0	0	0	0	0	0	0	0	0	0	0	60000	0	0	0	0	0	0	0	0	0	0
火焰	0	3	2	122	1	3	5	5	5	5	-1	-1	1	1	1	1	0	0	1	1	1	1	加火伤害	60000	0	0	0	0	0	0	0	0	0	0	0	0	0	0	0	0	0	0	0	0	0	0	0	0	0	0	0	0	0	0	0	0	60000	0	0	0	0	0	0	0	0	0	0
光芒	0	3	3	122	1	3	10	10	5	10	-1	-1	1	1	1	1	0	0	1	1	1	1	加火伤害	60000	0	0	0	0	0	0	0	0	0	0	0	0	0	0	0	0	0	0	0	0	0	0	0	0	0	0	0	0	0	0	0	0	60000	0	0	0	0	0	0	0	0	0	0
热情	0	3	4	122	1	3	10	10	10	10	-1	-1	1	1	1	1	0	0	1	1	1	1	加火伤害	60000	0	0	0	0	0	0	0	0	0	0	0	0	0	0	0	0	0	0	0	0	0	0	0	0	0	0	0	0	0	0	0	0	60000	0	0	0	0	0	0	0	0	0	0
激情	0	3	5	122	2	4	10	10	10	10	-1	-1	1	1	1	1	0	0	1	1	1	1	加火伤害	60000	0	0	0	0	0	0	0	0	0	0	0	0	0	0	0	0	0	0	0	0	0	0	0	0	0	0	0	0	0	0	0	0	60000	0	0	0	0	0	0	0	0	0	0
燃烧	0	3	6	122	2	4	10	10	10	10	-1	-1	1	1	1	1	0	0	1	1	1	1	加火伤害	60000	0	0	0	0	0	0	0	0	0	0	0	0	0	0	0	0	0	0	0	0	0	0	0	0	0	0	0	0	0	0	0	0	60000	0	0	0	0	0	0	0	0	0	0
焚化	0	3	7	122	3	5	10	10	10	10	-1	-1	1	1	1	1	0	0	1	1	1	1	加火伤害	60000	0	0	0	0	0	0	0	0	0	0	0	0	0	0	0	0	0	0	0	0	0	0	0	0	0	0	0	0	0	0	0	0	60000	0	0	0	0	0	0	0	0	0	0
火红	0	3	8	122	3	5	10	10	10	10	-1	-1	1	1	1	1	0	0	1	1	1	1	加火伤害	60000	0	0	0	0	0	0	0	0	0	0	0	0	0	0	0	0	0	0	0	0	0	0	0	0	0	0	0	0	0	0	0	0	60000	0	0	0	0	0	0	0	0	0	0
赤焰	0	3	9	122	4	6	10	10	10	10	-1	-1	1	1	1	1	0	0	1	1	1	1	加火伤害	60000	0	0	0	0	0	0	0	0	0	0	0	0	0	0	0	0	0	0	0	0	0	0	0	0	0	0	0	0	0	0	0	0	60000	0	0	0	0	0	0	0	0	0	0
真火	0	3	10	122	5	7	10	10	10	10	-1	-1	1	1	1	1	0	0	1	1	1	1	加火伤害	60000	0	0	0	0	0	0	0	0	0	0	0	0	0	0	0	0	0	0	0	0	0	0	0	0	0	0	0	0	0	0	0	0	60000	0	0	0	0	0	0	0	0	0	0
疾电	0	3	1	122	1	3	5	5	5	5	-1	-1	1	1	1	1	0	0	1	1	1	1	加火伤害	0	0	0	0	0	0	0	0	0	0	0	80000	0	0	0	0	0	0	0	0	0	0	0	0	0	0	0	0	0	0	0	0	0	0	0	0	0	0	0	0	0	0	0	0
火焰	0	3	2	122	1	3	5	5	5	5	-1	-1	1	1	1	1	0	0	1	1	1	1	加火伤害	0	0	0	0	0	0	0	0	0	0	0	80000	0	0	0	0	0	0	0	0	0	0	0	0	0	0	0	0	0	0	0	0	0	0	0	0	0	0	0	0	0	0	0	0
光芒	0	3	3	122	1	3	10	10	5	10	-1	-1	1	1	1	1	0	0	1	1	1	1	加火伤害	0	0	0	0	0	0	0	0	0	0	0	80000	0	0	0	0	0	0	0	0	0	0	0	0	0	0	0	0	0	0	0	0	0	0	0	0	0	0	0	0	0	0	0	0
热情	0	3	4	122	1	3	10	10	10	10	-1	-1	1	1	1	1	0	0	1	1	1	1	加火伤害	0	0	0	0	0	0	0	0	0	0	0	80000	0	0	0	0	0	0	0	0	0	0	0	0	0	0	0	0	0	0	0	0	0	0	0	0	0	0	0	0	0	0	0	0
激情	0	3	5	122	2	4	10	10	10	10	-1	-1	1	1	1	1	0	0	1	1	1	1	加火伤害	0	0	0	0	0	0	0	0	0	0	0	80000	0	0	0	0	0	0	0	0	0	0	0	0	0	0	0	0	0	0	0	0	0	0	0	0	0	0	0	0	0	0	0	0
燃烧	0	3	6	122	2	4	10	10	10	10	-1	-1	1	1	1	1	0	0	1	1	1	1	加火伤害	0	0	0	0	0	0	0	0	0	0	0	80000	0	0	0	0	0	0	0	0	0	0	0	0	0	0	0	0	0	0	0	0	0	0	0	0	0	0	0	0	0	0	0	0
焚化	0	3	7	122	3	5	10	10	10	10	-1	-1	1	1	1	1	0	0	1	1	1	1	加火伤害	0	0	0	0	0	0	0	0	0	0	0	80000	0	0	0	0	0	0	0	0	0	0	0	0	0	0	0	0	0	0	0	0	0	0	0	0	0	0	0	0	0	0	0	0
火红	0	3	8	122	3	5	10	10	10	10	-1	-1	1	1	1	1	0	0	1	1	1	1	加火伤害	0	0	0	0	0	0	0	0	0	0	0	80000	0	0	0	0	0	0	0	0	0	0	0	0	0	0	0	0	0	0	0	0	0	0	0	0	0	0	0	0	0	0	0	0
赤焰	0	3	9	122	3	5	10	10	10	10	-1	-1	1	1	1	1	0	0	1	1	1	1	加火伤害	0	0	0	0	0	0	0	0	0	0	0	80000	0	0	0	0	0	0	0	0	0	0	0	0	0	0	0	0	0	0	0	0	0	0	0	0	0	0	0	0	0	0	0	0
真火	0	3	10	122	4	6	10	10	10	10	-1	-1	1	1	1	1	0	0	1	1	1	1	加火伤害	0	0	0	0	0	0	0	0	0	0	0	80000	0	0	0	0	0	0	0	0	0	0	0	0	0	0	0	0	0	0	0	0	0	0	0	0	0	0	0	0	0	0	0	0
疾电	0	3	1	122	1	3	5	5	5	5	-1	-1	1	1	1	1	0	0	1	1	1	1	加火伤害	0	0	0	0	0	0	0	0	0	0	0	0	0	0	0	0	0	0	0	0	0	0	60000	0	0	0	0	0	0	0	0	0	0	0	0	0	0	0	0	0	0	0	0	0
火焰	0	3	2	122	1	3	5	5	5	5	-1	-1	1	1	1	1	0	0	1	1	1	1	加火伤害	0	0	0	0	0	0	0	0	0	0	0	0	0	0	0	0	0	0	0	0	0	0	60000	0	0	0	0	0	0	0	0	0	0	0	0	0	0	0	0	0	0	0	0	0
光芒	0	3	3	122	1	3	10	10	5	10	-1	-1	1	1	1	1	0	0	1	1	1	1	加火伤害	0	0	0	0	0	0	0	0	0	0	0	0	0	0	0	0	0	0	0	0	0	0	60000	0	0	0	0	0	0	0	0	0	0	0	0	0	0	0	0	0	0	0	0	0
热情	0	3	4	122	1	3	10	10	10	10	-1	-1	1	1	1	1	0	0	1	1	1	1	加火伤害	0	0	0	0	0	0	0	0	0	0	0	0	0	0	0	0	0	0	0	0	0	0	60000	0	0	0	0	0	0	0	0	0	0	0	0	0	0	0	0	0	0	0	0	0
激情	0	3	5	122	1	3	10	10	10	10	-1	-1	1	1	1	1	0	0	1	1	1	1	加火伤害	0	0	0	0	0	0	0	0	0	0	0	0	0	0	0	0	0	0	0	0	0	0	60000	0	0	0	0	0	0	0	0	0	0	0	0	0	0	0	0	0	0	0	0	0
燃烧	0	3	6	122	1	3	10	10	10	10	-1	-1	1	1	1	1	0	0	1	1	1	1	加火伤害	0	0	0	0	0	0	0	0	0	0	0	0	0	0	0	0	0	0	0	0	0	0	60000	0	0	0	0	0	0	0	0	0	0	0	0	0	0	0	0	0	0	0	0	0
焚化	0	3	7	122	2	4	10	10	10	10	-1	-1	1	1	1	1	0	0	1	1	1	1	加火伤害	0	0	0	0	0	0	0	0	0	0	0	0	0	0	0	0	0	0	0	0	0	0	60000	0	0	0	0	0	0	0	0	0	0	0	0	0	0	0	0	0	0	0	0	0
火红	0	3	8	122	2	4	10	10	10	10	-1	-1	1	1	1	1	0	0	1	1	1	1	加火伤害	0	0	0	0	0	0	0	0	0	0	0	0	0	0	0	0	0	0	0	0	0	0	60000	0	0	0	0	0	0	0	0	0	0	0	0	0	0	0	0	0	0	0	0	0
赤焰	0	3	9	122	2	4	10	10	10	10	-1	-1	1	1	1	1	0	0	1	1	1	1	加火伤害	0	0	0	0	0	0	0	0	0	0	0	0	0	0	0	0	0	0	0	0	0	0	60000	0	0	0	0	0	0	0	0	0	0	0	0	0	0	0	0	0	0	0	0	0
真火	0	3	10	122	3	5	10	10	10	10	-1	-1	1	1	1	1	0	0	1	1	1	1	加火伤害	0	0	0	0	0	0	0	0	0	0	0	0	0	0	0	0	0	0	0	0	0	0	60000	0	0	0	0	0	0	0	0	0	0	0	0	0	0	0	0	0	0	0	0	0
炎帝	0	3	1	123	0	0	1	1	1	1	-1	-1	1	1	1	1	0	0	1	1	1	1	加冰伤害	0	0	0	0	0	0	0	0	0	0	0	0	0	0	0	0	0	0	0	0	0	0	0	0	0	0	0	0	0	0	0	0	0	0	0	0	0	0	0	0	0	0	0	0
蔚蓝	0	4	2	123	0	0	1	1	1	1	-1	-1	1	1	1	1	0	0	1	1	1	1	加冰伤害	0	0	0	0	0	0	0	0	0	0	0	0	0	0	0	0	0	0	0	0	0	0	0	0	0	0	0	0	0	0	0	0	0	0	0	0	0	0	0	0	0	0	0	0
寒梅	0	4	3	123	0	0	1	1	1	1	-1	-1	1	1	1	1	0	0	1	1	1	1	加冰伤害	0	0	0	0	0	0	0	0	0	0	0	0	0	0	0	0	0	0	0	0	0	0	0	0	0	0	0	0	0	0	0	0	0	0	0	0	0	0	0	0	0	0	0	0
孤松	0	4	4	123	1	3	3	3	3	3	-1	-1	1	1	1	1	0	0	1	1	1	1	加冰伤害	30000	0	0	0	0	0	0	0	0	0	0	80000	0	0	0	0	0	0	0	0	0	0	60000	0	0	0	0	0	0	0	0	0	0	30000	0	0	0	0	0	0	0	0	0	0
傲竹	0	4	5	123	1	3	5	5	5	5	-1	-1	1	1	1	1	0	0	1	1	1	1	加冰伤害	30000	0	0	0	0	0	0	0	0	0	0	80000	0	0	0	0	0	0	0	0	0	0	60000	0	0	0	0	0	0	0	0	0	0	30000	0	0	0	0	0	0	0	0	0	0
蓝宝石	0	4	6	123	1	3	5	5	5	5	-1	-1	1	1	1	1	0	0	1	1	1	1	加冰伤害	30000	0	0	0	0	0	0	0	0	0	0	80000	0	0	0	0	0	0	0	0	0	0	60000	0	0	0	0	0	0	0	0	0	0	30000	0	0	0	0	0	0	0	0	0	0
土精	0	4	7	123	1	3	10	10	10	10	-1	-1	1	1	1	1	0	0	1	1	1	1	加冰伤害	30000	0	0	0	0	0	0	0	0	0	0	80000	0	0	0	0	0	0	0	0	0	0	60000	0	0	0	0	0	0	0	0	0	0	30000	0	0	0	0	0	0	0	0	0	0
土魄	0	4	8	123	1	3	10	10	10	10	-1	-1	1	1	1	1	0	0	1	1	1	1	加冰伤害	30000	0	0	0	0	0	0	0	0	0	0	80000	0	0	0	0	0	0	0	0	0	0	60000	0	0	0	0	0	0	0	0	0	0	30000	0	0	0	0	0	0	0	0	0	0
土神	0	4	9	123	2	4	10	10	10	10	-1	-1	1	1	1	1	0	0	1	1	1	1	加冰伤害	30000	0	0	0	0	0	0	0	0	0	0	80000	0	0	0	0	0	0	0	0	0	0	60000	0	0	0	0	0	0	0	0	0	0	30000	0	0	0	0	0	0	0	0	0	0
甘草	0	4	10	123	3	5	10	10	10	10	-1	-1	1	1	1	1	0	0	1	1	1	1	加冰伤害	30000	0	0	0	0	0	0	0	0	0	0	80000	0	0	0	0	0	0	0	0	0	0	60000	0	0	0	0	0	0	0	0	0	0	30000	0	0	0	0	0	0	0	0	0	0
羚麝	0	4	1	124	1	3	5	5	5	5	-1	-1	1	1	1	1	0	0	1	1	1	1	加雷伤害	60000	0	0	0	0	0	0	0	0	0	0	0	0	0	0	0	0	0	0	0	0	0	0	0	0	0	0	0	0	0	0	0	0	60000	0	0	0	0	0	0	0	0	0	0
犀角	0	4	2	124	1	3	5	5	5	5	-1	-1	1	1	1	1	0	0	1	1	1	1	加雷伤害	60000	0	0	0	0	0	0	0	0	0	0	0	0	0	0	0	0	0	0	0	0	0	0	0	0	0	0	0	0	0	0	0	0	60000	0	0	0	0	0	0	0	0	0	0
朱蛤	0	4	3	124	1	3	10	10	5	10	-1	-1	1	1	1	1	0	0	1	1	1	1	加雷伤害	60000	0	0	0	0	0	0	0	0	0	0	0	0	0	0	0	0	0	0	0	0	0	0	0	0	0	0	0	0	0	0	0	0	60000	0	0	0	0	0	0	0	0	0	0
雷鸣	0	4	4	124	1	3	10	10	10	10	-1	-1	1	1	1	1	0	0	1	1	1	1	加雷伤害	60000	0	0	0	0	0	0	0	0	0	0	0	0	0	0	0	0	0	0	0	0	0	0	0	0	0	0	0	0	0	0	0	0	60000	0	0	0	0	0	0	0	0	0	0
电击	0	4	5	124	2	4	10	10	10	10	-1	-1	1	1	1	1	0	0	1	1	1	1	加雷伤害	60000	0	0	0	0	0	0	0	0	0	0	0	0	0	0	0	0	0	0	0	0	0	0	0	0	0	0	0	0	0	0	0	0	60000	0	0	0	0	0	0	0	0	0	0
电闪	0	4	6	124	2	4	10	10	10	10	-1	-1	1	1	1	1	0	0	1	1	1	1	加雷伤害	60000	0	0	0	0	0	0	0	0	0	0	0	0	0	0	0	0	0	0	0	0	0	0	0	0	0	0	0	0	0	0	0	0	60000	0	0	0	0	0	0	0	0	0	0
触电	0	4	7	124	3	5	10	10	10	10	-1	-1	1	1	1	1	0	0	1	1	1	1	加雷伤害	60000	0	0	0	0	0	0	0	0	0	0	0	0	0	0	0	0	0	0	0	0	0	0	0	0	0	0	0	0	0	0	0	0	60000	0	0	0	0	0	0	0	0	0	0
电光	0	4	8	124	3	5	10	10	10	10	-1	-1	1	1	1	1	0	0	1	1	1	1	加雷伤害	60000	0	0	0	0	0	0	0	0	0	0	0	0	0	0	0	0	0	0	0	0	0	0	0	0	0	0	0	0	0	0	0	0	60000	0	0	0	0	0	0	0	0	0	0
狂电	0	4	9	124	4	6	10	10	10	10	-1	-1	1	1	1	1	0	0	1	1	1	1	加雷伤害	60000	0	0	0	0	0	0	0	0	0	0	0	0	0	0	0	0	0	0	0	0	0	0	0	0	0	0	0	0	0	0	0	0	60000	0	0	0	0	0	0	0	0	0	0
暴雷	0	4	10	124	5	7	10	10	10	10	-1	-1	1	1	1	1	0	0	1	1	1	1	加雷伤害	60000	0	0	0	0	0	0	0	0	0	0	0	0	0	0	0	0	0	0	0	0	0	0	0	0	0	0	0	0	0	0	0	0	60000	0	0	0	0	0	0	0	0	0	0
羚麝	0	4	1	124	1	3	5	5	5	5	-1	-1	1	1	1	1	0	0	1	1	1	1	加雷伤害	0	0	0	0	0	0	0	0	0	0	0	80000	0	0	0	0	0	0	0	0	0	0	0	0	0	0	0	0	0	0	0	0	0	0	0	0	0	0	0	0	0	0	0	0
犀角	0	4	2	124	1	3	5	5	5	5	-1	-1	1	1	1	1	0	0	1	1	1	1	加雷伤害	0	0	0	0	0	0	0	0	0	0	0	80000	0	0	0	0	0	0	0	0	0	0	0	0	0	0	0	0	0	0	0	0	0	0	0	0	0	0	0	0	0	0	0	0
朱蛤	0	4	3	124	1	3	10	10	5	10	-1	-1	1	1	1	1	0	0	1	1	1	1	加雷伤害	0	0	0	0	0	0	0	0	0	0	0	80000	0	0	0	0	0	0	0	0	0	0	0	0	0	0	0	0	0	0	0	0	0	0	0	0	0	0	0	0	0	0	0	0
雷鸣	0	4	4	124	1	3	10	10	10	10	-1	-1	1	1	1	1	0	0	1	1	1	1	加雷伤害	0	0	0	0	0	0	0	0	0	0	0	80000	0	0	0	0	0	0	0	0	0	0	0	0	0	0	0	0	0	0	0	0	0	0	0	0	0	0	0	0	0	0	0	0
电击	0	4	5	124	2	4	10	10	10	10	-1	-1	1	1	1	1	0	0	1	1	1	1	加雷伤害	0	0	0	0	0	0	0	0	0	0	0	80000	0	0	0	0	0	0	0	0	0	0	0	0	0	0	0	0	0	0	0	0	0	0	0	0	0	0	0	0	0	0	0	0
电闪	0	4	6	124	2	4	10	10	10	10	-1	-1	1	1	1	1	0	0	1	1	1	1	加雷伤害	0	0	0	0	0	0	0	0	0	0	0	80000	0	0	0	0	0	0	0	0	0	0	0	0	0	0	0	0	0	0	0	0	0	0	0	0	0	0	0	0	0	0	0	0
触电	0	4	7	124	3	5	10	10	10	10	-1	-1	1	1	1	1	0	0	1	1	1	1	加雷伤害	0	0	0	0	0	0	0	0	0	0	0	80000	0	0	0	0	0	0	0	0	0	0	0	0	0	0	0	0	0	0	0	0	0	0	0	0	0	0	0	0	0	0	0	0
电光	0	4	8	124	3	5	10	10	10	10	-1	-1	1	1	1	1	0	0	1	1	1	1	加雷伤害	0	0	0	0	0	0	0	0	0	0	0	80000	0	0	0	0	0	0	0	0	0	0	0	0	0	0	0	0	0	0	0	0	0	0	0	0	0	0	0	0	0	0	0	0
狂电	0	4	9	124	3	5	10	10	10	10	-1	-1	1	1	1	1	0	0	1	1	1	1	加雷伤害	0	0	0	0	0	0	0	0	0	0	0	80000	0	0	0	0	0	0	0	0	0	0	0	0	0	0	0	0	0	0	0	0	0	0	0	0	0	0	0	0	0	0	0	0
暴雷	0	4	10	124	4	6	10	10	10	10	-1	-1	1	1	1	1	0	0	1	1	1	1	加雷伤害	0	0	0	0	0	0	0	0	0	0	0	80000	0	0	0	0	0	0	0	0	0	0	0	0	0	0	0	0	0	0	0	0	0	0	0	0	0	0	0	0	0	0	0	0
羚麝	0	4	1	124	1	3	5	5	5	5	-1	-1	1	1	1	1	0	0	1	1	1	1	加雷伤害	0	0	0	0	0	0	0	0	0	0	0	0	0	0	0	0	0	0	0	0	0	0	60000	0	0	0	0	0	0	0	0	0	0	0	0	0	0	0	0	0	0	0	0	0
犀角	0	4	2	124	1	3	5	5	5	5	-1	-1	1	1	1	1	0	0	1	1	1	1	加雷伤害	0	0	0	0	0	0	0	0	0	0	0	0	0	0	0	0	0	0	0	0	0	0	60000	0	0	0	0	0	0	0	0	0	0	0	0	0	0	0	0	0	0	0	0	0
朱蛤	0	4	3	124	1	3	10	10	5	10	-1	-1	1	1	1	1	0	0	1	1	1	1	加雷伤害	0	0	0	0	0	0	0	0	0	0	0	0	0	0	0	0	0	0	0	0	0	0	60000	0	0	0	0	0	0	0	0	0	0	0	0	0	0	0	0	0	0	0	0	0
雷鸣	0	4	4	124	1	3	10	10	10	10	-1	-1	1	1	1	1	0	0	1	1	1	1	加雷伤害	0	0	0	0	0	0	0	0	0	0	0	0	0	0	0	0	0	0	0	0	0	0	60000	0	0	0	0	0	0	0	0	0	0	0	0	0	0	0	0	0	0	0	0	0
电击	0	4	5	124	1	3	10	10	10	10	-1	-1	1	1	1	1	0	0	1	1	1	1	加雷伤害	0	0	0	0	0	0	0	0	0	0	0	0	0	0	0	0	0	0	0	0	0	0	60000	0	0	0	0	0	0	0	0	0	0	0	0	0	0	0	0	0	0	0	0	0
电闪	0	4	6	124	1	3	10	10	10	10	-1	-1	1	1	1	1	0	0	1	1	1	1	加雷伤害	0	0	0	0	0	0	0	0	0	0	0	0	0	0	0	0	0	0	0	0	0	0	60000	0	0	0	0	0	0	0	0	0	0	0	0	0	0	0	0	0	0	0	0	0
触电	0	4	7	124	2	4	10	10	10	10	-1	-1	1	1	1	1	0	0	1	1	1	1	加雷伤害	0	0	0	0	0	0	0	0	0	0	0	0	0	0	0	0	0	0	0	0	0	0	60000	0	0	0	0	0	0	0	0	0	0	0	0	0	0	0	0	0	0	0	0	0
电光	0	4	8	124	2	4	10	10	10	10	-1	-1	1	1	1	1	0	0	1	1	1	1	加雷伤害	0	0	0	0	0	0	0	0	0	0	0	0	0	0	0	0	0	0	0	0	0	0	60000	0	0	0	0	0	0	0	0	0	0	0	0	0	0	0	0	0	0	0	0	0
狂电	0	4	9	124	2	4	10	10	10	10	-1	-1	1	1	1	1	0	0	1	1	1	1	加雷伤害	0	0	0	0	0	0	0	0	0	0	0	0	0	0	0	0	0	0	0	0	0	0	60000	0	0	0	0	0	0	0	0	0	0	0	0	0	0	0	0	0	0	0	0	0
暴雷	0	4	10	124	3	5	10	10	10	10	-1	-1	1	1	1	1	0	0	1	1	1	1	加雷伤害	0	0	0	0	0	0	0	0	0	0	0	0	0	0	0	0	0	0	0	0	0	0	60000	0	0	0	0	0	0	0	0	0	0	0	0	0	0	0	0	0	0	0	0	0
天雷	0	4	1	126	5	10	2	2	2	2	-1	-1	1	1	1	1	0	0	1	1	1	1	加物理伤害百分比	0	0	0	0	0	0	0	0	0	0	1000000	0	0	0	0	0	0	0	0	0	0	0	0	0	0	0	0	0	0	0	0	0	1000000	0	0	0	0	0	0	0	0	0	0	1000000
雷公	0	4	2	126	5	10	2	2	2	2	-1	-1	1	1	1	1	0	0	1	1	1	1	加物理伤害百分比	0	0	0	0	0	0	0	0	0	0	1000000	0	0	0	0	0	0	0	0	0	0	0	0	0	0	0	0	0	0	0	0	0	1000000	0	0	0	0	0	0	0	0	0	0	1000000
雷神	0	4	3	126	5	10	2	2	2	2	-1	-1	1	1	1	1	0	0	1	1	1	1	加物理伤害百分比	0	0	0	0	0	0	0	0	0	0	1000000	0	0	0	0	0	0	0	0	0	0	0	0	0	0	0	0	0	0	0	0	0	1000000	0	0	0	0	0	0	0	0	0	0	1000000
金意	0	0	4	126	5	10	2	2	2	2	-1	-1	1	1	1	1	0	0	1	1	1	1	加物理伤害百分比	0	0	0	0	0	0	0	0	0	0	1000000	0	0	0	0	0	0	0	0	0	0	0	0	0	0	0	0	0	0	0	0	0	1000000	0	0	0	0	0	0	0	0	0	0	1000000
金性	0	0	5	126	5	10	2	2	2	2	-1	-1	1	1	1	1	0	0	1	1	1	1	加物理伤害百分比	0	0	0	0	0	0	0	0	0	0	1000000	0	0	0	0	0	0	0	0	0	0	0	0	0	0	0	0	0	0	0	0	0	1000000	0	0	0	0	0	0	0	0	0	0	1000000
金韵	0	0	6	126	5	10	2	2	2	2	-1	-1	1	1	1	1	0	0	1	1	1	1	加物理伤害百分比	0	0	0	0	0	0	0	0	0	0	1000000	0	0	0	0	0	0	0	0	0	0	0	0	0	0	0	0	0	0	0	0	0	1000000	0	0	0	0	0	0	0	0	0	0	1000000
金气	0	0	7	126	5	10	2	2	2	2	-1	-1	1	1	1	1	0	0	1	1	1	1	加物理伤害百分比	0	0	0	0	0	0	0	0	0	0	1000000	0	0	0	0	0	0	0	0	0	0	0	0	0	0	0	0	0	0	0	0	0	1000000	0	0	0	0	0	0	0	0	0	0	1000000
金心	0	0	8	126	5	10	2	2	2	2	-1	-1	1	1	1	1	0	0	1	1	1	1	加物理伤害百分比	0	0	0	0	0	0	0	0	0	0	1000000	0	0	0	0	0	0	0	0	0	0	0	0	0	0	0	0	0	0	0	0	0	1000000	0	0	0	0	0	0	0	0	0	0	1000000
水意	0	2	9	126	5	10	2	2	2	2	-1	-1	1	1	1	1	0	0	1	1	1	1	加物理伤害百分比	0	0	0	0	0	0	0	0	0	0	1000000	0	0	0	0	0	0	0	0	0	0	0	0	0	0	0	0	0	0	0	0	0	1000000	0	0	0	0	0	0	0	0	0	0	1000000
水性	0	2	10	126	5	10	2	2	2	2	-1	-1	1	1	1	1	0	0	1	1	1	1	加物理伤害百分比	0	0	0	0	0	0	0	0	0	0	1000000	0	0	0	0	0	0	0	0	0	0	0	0	0	0	0	0	0	0	0	0	0	1000000	0	0	0	0	0	0	0	0	0	0	1000000
水韵	0	2	1	134	0	0	1	1	1	1	-1	-1	1	1	1	1	0	0	1	1	1	1	伤害增加内力	0	0	0	0	0	0	0	0	0	0	0	0	0	0	0	0	0	0	0	0	0	0	0	0	0	0	0	0	0	0	0	0	0	0	0	0	0	0	0	0	0	0	0	0
水气	0	2	2	134	0	0	1	1	1	1	-1	-1	1	1	1	1	0	0	1	1	1	1	伤害增加内力	0	0	0	0	0	0	0	0	0	0	0	0	0	0	0	0	0	0	0	0	0	0	0	0	0	0	0	0	0	0	0	0	0	0	0	0	0	0	0	0	0	0	0	0
水心	0	2	3	134	0	0	1	1	1	1	-1	-1	1	1	1	1	0	0	1	1	1	1	伤害增加内力	0	0	0	0	0	0	0	0	0	0	0	0	0	0	0	0	0	0	0	0	0	0	0	0	0	0	0	0	0	0	0	0	0	0	0	0	0	0	0	0	0	0	0	0
木意	0	1	4	134	0	0	1	1	1	1	-1	-1	1	1	1	1	0	0	1	1	1	1	伤害增加内力	0	0	0	0	0	0	0	0	0	0	0	0	0	0	0	0	0	0	0	0	0	0	0	0	0	0	0	0	0	0	0	0	0	0	0	0	0	0	0	0	0	0	0	0
木性	0	1	5	134	0	0	1	1	1	1	-1	-1	1	1	1	1	0	0	1	1	1	1	伤害增加内力	0	0	0	0	0	0	0	0	0	0	0	0	0	0	0	0	0	0	0	0	0	0	0	0	0	0	0	0	0	0	0	0	0	0	0	0	0	0	0	0	0	0	0	0
木韵	0	1	6	134	0	0	1	1	1	1	-1	-1	1	1	1	1	0	0	1	1	1	1	伤害增加内力	0	0	0	0	0	0	0	0	0	0	0	0	0	0	0	0	0	0	0	0	0	0	0	0	0	0	0	0	0	0	0	0	0	0	0	0	0	0	0	0	0	0	0	0
木气	0	1	7	134	0	0	1	1	1	1	-1	-1	1	1	1	1	0	0	1	1	1	1	伤害增加内力	0	0	0	0	0	0	0	0	0	0	0	0	0	0	0	0	0	0	0	0	0	0	0	0	0	0	0	0	0	0	0	0	0	0	0	0	0	0	0	0	0	0	0	0
木心	0	1	8	134	0	0	1	1	1	1	-1	-1	1	1	1	1	0	0	1	1	1	1	伤害增加内力	0	0	0	0	0	0	0	0	0	0	0	0	0	0	0	0	0	0	0	0	0	0	0	0	0	0	0	0	0	0	0	0	0	0	0	0	0	0	0	0	0	0	0	0
火意	0	3	9	134	0	0	1	1	1	1	-1	-1	1	1	1	1	0	0	1	1	1	1	伤害增加内力	0	0	0	0	0	0	0	0	0	0	0	0	0	0	0	0	0	0	0	0	0	0	0	0	0	0	0	0	0	0	0	0	0	0	0	0	0	0	0	0	0	0	0	0
火性	0	3	10	134	0	0	1	1	1	1	-1	-1	1	1	1	1	0	0	1	1	1	1	伤害增加内力	0	0	0	0	0	0	0	0	0	0	0	0	0	0	0	0	0	0	0	0	0	0	0	0	0	0	0	0	0	0	0	0	0	0	0	0	0	0	0	0	0	0	0	0
火韵	0	3	1	136	0	0	1	1	1	1	-1	-1	1	1	1	1	0	0	1	1	1	1	偷血	0	0	0	0	0	0	0	0	0	0	0	0	0	0	0	0	0	0	0	0	0	0	0	0	0	0	0	0	0	0	0	0	0	0	0	0	0	0	0	0	0	0	0	0
火气	0	3	2	136	0	0	1	1	1	1	-1	-1	1	1	1	1	0	0	1	1	1	1	偷血	0	0	0	0	0	0	0	0	0	0	0	0	0	0	0	0	0	0	0	0	0	0	0	0	0	0	0	0	0	0	0	0	0	0	0	0	0	0	0	0	0	0	0	0
火心	0	3	3	136	0	0	1	1	1	1	-1	-1	1	1	1	1	0	0	1	1	1	1	偷血	0	0	0	0	0	0	0	0	0	0	0	0	0	0	0	0	0	0	0	0	0	0	0	0	0	0	0	0	0	0	0	0	0	0	0	0	0	0	0	0	0	0	0	0
土意	0	4	4	136	0	0	1	1	1	1	-1	-1	1	1	1	1	0	0	1	1	1	1	偷血	0	0	0	0	0	0	0	0	0	0	0	0	0	0	0	0	0	0	0	0	0	0	0	0	0	0	0	0	0	0	0	0	0	0	0	0	0	0	0	0	0	0	0	0
土性	0	4	5	136	0	0	1	1	1	1	-1	-1	1	1	1	1	0	0	1	1	1	1	偷血	0	0	0	0	0	0	0	0	0	0	0	0	0	0	0	0	0	0	0	0	0	0	0	0	0	0	0	0	0	0	0	0	0	0	0	0	0	0	0	0	0	0	0	0
土韵	0	4	6	136	0	0	1	1	1	1	-1	-1	1	1	1	1	0	0	1	1	1	1	偷血	0	0	0	0	0	0	0	0	0	0	0	0	0	0	0	0	0	0	0	0	0	0	0	0	0	0	0	0	0	0	0	0	0	0	0	0	0	0	0	0	0	0	0	0
土气	0	4	7	136	0	0	1	1	1	1	-1	-1	1	1	1	1	0	0	1	1	1	1	偷血	0	0	0	0	0	0	0	0	0	0	0	0	0	0	0	0	0	0	0	0	0	0	0	0	0	0	0	0	0	0	0	0	0	0	0	0	0	0	0	0	0	0	0	0
土心	0	4	8	136	0	0	1	1	1	1	-1	-1	1	1	1	1	0	0	1	1	1	1	偷血	0	0	0	0	0	0	0	0	0	0	0	0	0	0	0	0	0	0	0	0	0	0	0	0	0	0	0	0	0	0	0	0	0	0	0	0	0	0	0	0	0	0	0	0
五	299	0	9	136	0	0	1	1	1	1	-1	-1	1	1	1	1	0	0	1	1	1	1	偷血	0	0	0	0	0	0	0	0	0	0	0	0	0	0	0	0	0	0	0	0	0	0	0	0	0	0	0	0	0	0	0	0	0	0	0	0	0	0	0	0	0	0	0	0
六	300	0	10	136	0	0	1	1	1	1	-1	-1	1	1	1	1	0	0	1	1	1	1	偷血	0	0	0	0	0	0	0	0	0	0	0	0	0	0	0	0	0	0	0	0	0	0	0	0	0	0	0	0	0	0	0	0	0	0	0	0	0	0	0	0	0	0	0	0
日	301	0	1	137	0	0	1	1	1	1	-1	-1	1	1	1	1	0	0	1	1	1	1	偷气	0	0	0	0	0	0	0	0	0	0	0	0	0	0	0	0	0	0	0	0	0	0	0	0	0	0	0	0	0	0	0	0	0	0	0	0	0	0	0	0	0	0	0	0
一	302	0	2	137	0	0	1	1	1	1	-1	-1	1	1	1	1	0	0	1	1	1	1	偷气	0	0	0	0	0	0	0	0	0	0	0	0	0	0	0	0	0	0	0	0	0	0	0	0	0	0	0	0	0	0	0	0	0	0	0	0	0	0	0	0	0	0	0	0
二	303	0	3	137	0	0	1	1	1	1	-1	-1	1	1	1	1	0	0	1	1	1	1	偷气	0	0	0	0	0	0	0	0	0	0	0	0	0	0	0	0	0	0	0	0	0	0	0	0	0	0	0	0	0	0	0	0	0	0	0	0	0	0	0	0	0	0	0	0
三	304	0	4	137	0	0	1	1	1	1	-1	-1	1	1	1	1	0	0	1	1	1	1	偷气	0	0	0	0	0	0	0	0	0	0	0	0	0	0	0	0	0	0	0	0	0	0	0	0	0	0	0	0	0	0	0	0	0	0	0	0	0	0	0	0	0	0	0	0
四	305	0	5	137	0	0	1	1	1	1	-1	-1	1	1	1	1	0	0	1	1	1	1	偷气	0	0	0	0	0	0	0	0	0	0	0	0	0	0	0	0	0	0	0	0	0	0	0	0	0	0	0	0	0	0	0	0	0	0	0	0	0	0	0	0	0	0	0	0
五	306	0	6	137	0	0	1	1	1	1	-1	-1	1	1	1	1	0	0	1	1	1	1	偷气	0	0	0	0	0	0	0	0	0	0	0	0	0	0	0	0	0	0	0	0	0	0	0	0	0	0	0	0	0	0	0	0	0	0	0	0	0	0	0	0	0	0	0	0
六	307	0	7	137	0	0	1	1	1	1	-1	-1	1	1	1	1	0	0	1	1	1	1	偷气	0	0	0	0	0	0	0	0	0	0	0	0	0	0	0	0	0	0	0	0	0	0	0	0	0	0	0	0	0	0	0	0	0	0	0	0	0	0	0	0	0	0	0	0
日	308	0	8	137	0	0	1	1	1	1	-1	-1	1	1	1	1	0	0	1	1	1	1	偷气	0	0	0	0	0	0	0	0	0	0	0	0	0	0	0	0	0	0	0	0	0	0	0	0	0	0	0	0	0	0	0	0	0	0	0	0	0	0	0	0	0	0	0	0
一	309	0	9	137	0	0	1	1	1	1	-1	-1	1	1	1	1	0	0	1	1	1	1	偷气	0	0	0	0	0	0	0	0	0	0	0	0	0	0	0	0	0	0	0	0	0	0	0	0	0	0	0	0	0	0	0	0	0	0	0	0	0	0	0	0	0	0	0	0
二	310	0	10	137	0	0	1	1	1	1	-1	-1	1	1	1	1	0	0	1	1	1	1	偷气	0	0	0	0	0	0	0	0	0	0	0	0	0	0	0	0	0	0	0	0	0	0	0	0	0	0	0	0	0	0	0	0	0	0	0	0	0	0	0	0	0	0	0	0
三	311	0	1	139	0	0	1	1	1	1	-1	-1	1	1	1	1	0	0	1	1	1	1	加所有技能	0	0	0	0	0	0	0	0	0	0	0	0	0	0	0	0	0	0	0	0	0	0	0	0	0	0	0	0	0	0	0	0	0	0	0	0	0	0	0	0	0	0	0	0
四	312	0	2	139	0	0	1	1	1	1	-1	-1	1	1	1	1	0	0	1	1	1	1	加所有技能	0	0	0	0	0	0	0	0	0	0	0	0	0	0	0	0	0	0	0	0	0	0	0	0	0	0	0	0	0	0	0	0	0	0	0	0	0	0	0	0	0	0	0	0
五	313	0	3	139	0	0	1	1	1	1	-1	-1	1	1	1	1	0	0	1	1	1	1	加所有技能	0	0	0	0	0	0	0	0	0	0	0	0	0	0	0	0	0	0	0	0	0	0	0	0	0	0	0	0	0	0	0	0	0	0	0	0	0	0	0	0	0	0	0	0
六	314	0	4	139	0	0	1	1	1	1	-1	-1	1	1	1	1	0	0	1	1	1	1	加所有技能	0	0	0	0	0	0	0	0	0	0	0	0	0	0	0	0	0	0	0	0	0	0	0	0	0	0	0	0	0	0	0	0	0	0	0	0	0	0	0	0	0	0	0	0
日	315	0	5	139	0	0	1	1	1	1	-1	-1	1	1	1	1	0	0	1	1	1	1	加所有技能	0	0	0	0	0	0	0	0	0	0	0	0	0	0	0	0	0	0	0	0	0	0	0	0	0	0	0	0	0	0	0	0	0	0	0	0	0	0	0	0	0	0	0	0
一	316	0	6	139	0	0	1	1	1	1	-1	-1	1	1	1	1	0	0	1	1	1	1	加所有技能	0	0	0	0	0	0	0	0	0	0	0	0	0	0	0	0	0	0	0	0	0	0	0	0	0	0	0	0	0	0	0	0	0	0	0	0	0	0	0	0	0	0	0	0
二	317	0	7	139	0	0	1	1	1	1	-1	-1	1	1	1	1	0	0	1	1	1	1	加所有技能	0	0	0	0	0	0	0	0	0	0	0	0	0	0	0	0	0	0	0	0	0	0	0	0	0	0	0	0	0	0	0	0	0	0	0	0	0	0	0	0	0	0	0	0
三	318	0	8	139	0	0	1	1	1	1	-1	-1	1	1	1	1	0	0	1	1	1	1	加所有技能	0	0	0	0	0	0	0	0	0	0	0	0	0	0	0	0	0	0	0	0	0	0	0	0	0	0	0	0	0	0	0	0	0	0	0	0	0	0	0	0	0	0	0	0
四	319	0	9	139	0	0	1	1	1	1	-1	-1	1	1	1	1	0	0	1	1	1	1	加所有技能	0	0	0	0	0	0	0	0	0	0	0	0	0	0	0	0	0	0	0	0	0	0	0	0	0	0	0	0	0	0	0	0	0	0	0	0	0	0	0	0	0	0	0	0
五	320	0	10	139	0	0	1	1	1	1	-1	-1	1	1	1	1	0	0	1	1	1	1	加所有技能	0	0	0	0	0	0	0	0	0	0	0	0	0	0	0	0	0	0	0	0	0	0	0	0	0	0	0	0	0	0	0	0	0	0	0	0	0	0	0	0	0	0	0	0
六	321	0	1	146	0	0	1	1	1	1	-1	-1	1	1	1	1	0	0	1	1	1	1	加致命一击	0	0	0	0	0	0	0	0	0	0	0	0	0	0	0	0	0	0	0	0	0	0	0	0	0	0	0	0	0	0	0	0	0	0	0	0	0	0	0	0	0	0	0	0
日	322	0	2	146	0	0	1	1	1	1	-1	-1	1	1	1	1	0	0	1	1	1	1	加致命一击	0	0	0	0	0	0	0	0	0	0	0	0	0	0	0	0	0	0	0	0	0	0	0	0	0	0	0	0	0	0	0	0	0	0	0	0	0	0	0	0	0	0	0	0
一	323	0	3	146	0	0	1	1	1	1	-1	-1	1	1	1	1	0	0	1	1	1	1	加致命一击	0	0	0	0	0	0	0	0	0	0	0	0	0	0	0	0	0	0	0	0	0	0	0	0	0	0	0	0	0	0	0	0	0	0	0	0	0	0	0	0	0	0	0	0
二	324	0	4	146	1	1	5	5	5	5	-1	-1	1	1	1	1	0	0	1	1	1	1	加致命一击	10000	0	0	0	0	0	0	0	0	0	0	0	0	0	0	0	0	0	0	0	0	0	0	0	0	0	0	0	0	0	0	0	0	10000	0	0	0	0	0	0	0	0	0	0
三	325	0	5	146	1	2	5	5	5	5	-1	-1	1	1	1	1	0	0	1	1	1	1	加致命一击	10000	0	0	0	0	0	0	0	0	0	0	0	0	0	0	0	0	0	0	0	0	0	0	0	0	0	0	0	0	0	0	0	0	10000	0	0	0	0	0	0	0	0	0	0
四	326	0	6	146	1	2	5	5	5	5	-1	-1	1	1	1	1	0	0	1	1	1	1	加致命一击	10000	0	0	0	0	0	0	0	0	0	0	0	0	0	0	0	0	0	0	0	0	0	0	0	0	0	0	0	0	0	0	0	0	10000	0	0	0	0	0	0	0	0	0	0
五	327	0	7	146	1	3	5	5	5	5	-1	-1	1	1	1	1	0	0	1	1	1	1	加致命一击	10000	0	0	0	0	0	0	0	0	0	0	0	0	0	0	0	0	0	0	0	0	0	0	0	0	0	0	0	0	0	0	0	0	10000	0	0	0	0	0	0	0	0	0	0
六	328	0	8	146	2	3	5	5	5	5	-1	-1	1	1	1	1	0	0	1	1	1	1	加致命一击	10000	0	0	0	0	0	0	0	0	0	0	0	0	0	0	0	0	0	0	0	0	0	0	0	0	0	0	0	0	0	0	0	0	10000	0	0	0	0	0	0	0	0	0	0
日	329	0	9	146	2	3	5	5	5	5	-1	-1	1	1	1	1	0	0	1	1	1	1	加致命一击	10000	0	0	0	0	0	0	0	0	0	0	0	0	0	0	0	0	0	0	0	0	0	0	0	0	0	0	0	0	0	0	0	0	10000	0	0	0	0	0	0	0	0	0	0
一	330	0	10	146	2	4	5	5	5	5	-1	-1	1	1	1	1	0	0	1	1	1	1	加致命一击	10000	0	0	0	0	0	0	0	0	0	0	0	0	0	0	0	0	0	0	0	0	0	0	0	0	0	0	0	0	0	0	0	0	10000	0	0	0	0	0	0	0	0	0	0
二	331	0	1	149	0	0	1	1	1	1	-1	-1	1	1	1	1	0	0	1	1	1	1	能量盾	0	0	0	0	0	0	0	0	0	0	0	0	0	0	0	0	0	0	0	0	0	0	0	0	0	0	0	0	0	0	0	0	0	0	0	0	0	0	0	0	0	0	0	0
三	332	0	2	149	0	0	1	1	1	1	-1	-1	1	1	1	1	0	0	1	1	1	1	能量盾	0	0	0	0	0	0	0	0	0	0	0	0	0	0	0	0	0	0	0	0	0	0	0	0	0	0	0	0	0	0	0	0	0	0	0	0	0	0	0	0	0	0	0	0
四	333	0	3	149	0	0	1	1	1	1	-1	-1	1	1	1	1	0	0	1	1	1	1	能量盾	0	0	0	0	0	0	0	0	0	0	0	0	0	0	0	0	0	0	0	0	0	0	0	0	0	0	0	0	0	0	0	0	0	0	0	0	0	0	0	0	0	0	0	0
五	334	0	4	149	0	0	1	1	1	1	-1	-1	1	1	1	1	0	0	1	1	1	1	能量盾	0	0	0	0	0	0	0	0	0	0	0	0	0	0	0	0	0	0	0	0	0	0	0	0	0	0	0	0	0	0	0	0	0	0	0	0	0	0	0	0	0	0	0	0
六	335	0	5	149	0	0	1	1	1	1	-1	-1	1	1	1	1	0	0	1	1	1	1	能量盾	0	0	0	0	0	0	0	0	0	0	0	0	0	0	0	0	0	0	0	0	0	0	0	0	0	0	0	0	0	0	0	0	0	0	0	0	0	0	0	0	0	0	0	0
日	336	0	6	149	0	0	1	1	1	1	-1	-1	1	1	1	1	0	0	1	1	1	1	能量盾	0	0	0	0	0	0	0	0	0	0	0	0	0	0	0	0	0	0	0	0	0	0	0	0	0	0	0	0	0	0	0	0	0	0	0	0	0	0	0	0	0	0	0	0
一	337	0	7	149	0	0	1	1	1	1	-1	-1	1	1	1	1	0	0	1	1	1	1	能量盾	0	0	0	0	0	0	0	0	0	0	0	0	0	0	0	0	0	0	0	0	0	0	0	0	0	0	0	0	0	0	0	0	0	0	0	0	0	0	0	0	0	0	0	0
二	338	0	8	149	0	0	1	1	1	1	-1	-1	1	1	1	1	0	0	1	1	1	1	能量盾	0	0	0	0	0	0	0	0	0	0	0	0	0	0	0	0	0	0	0	0	0	0	0	0	0	0	0	0	0	0	0	0	0	0	0	0	0	0	0	0	0	0	0	0
三	339	0	9	149	0	0	1	1	1	1	-1	-1	1	1	1	1	0	0	1	1	1	1	能量盾	0	0	0	0	0	0	0	0	0	0	0	0	0	0	0	0	0	0	0	0	0	0	0	0	0	0	0	0	0	0	0	0	0	0	0	0	0	0	0	0	0	0	0	0
四	340	0	10	149	0	0	1	1	1	1	-1	-1	1	1	1	1	0	0	1	1	1	1	能量盾	0	0	0	0	0	0	0	0	0	0	0	0	0	0	0	0	0	0	0	0	0	0	0	0	0	0	0	0	0	0	0	0	0	0	0	0	0	0	0	0	0	0	0	0
五	341	0	1	150	0	0	1	1	1	1	-1	-1	1	1	1	1	0	0	1	1	1	1	加闪避率值	0	0	0	0	0	0	0	0	0	0	0	0	0	0	0	0	0	0	0	0	0	0	0	0	0	0	0	0	0	0	0	0	0	0	0	0	0	0	0	0	0	0	0	0
六	342	0	2	150	0	0	1	1	1	1	-1	-1	1	1	1	1	0	0	1	1	1	1	加闪避率值	0	0	0	0	0	0	0	0	0	0	0	0	0	0	0	0	0	0	0	0	0	0	0	0	0	0	0	0	0	0	0	0	0	0	0	0	0	0	0	0	0	0	0	0
日	343	0	3	150	0	0	1	1	1	1	-1	-1	1	1	1	1	0	0	1	1	1	1	加闪避率值	0	0	0	0	0	0	0	0	0	0	0	0	0	0	0	0	0	0	0	0	0	0	0	0	0	0	0	0	0	0	0	0	0	0	0	0	0	0	0	0	0	0	0	0
一	344	0	4	150	1	2	20	20	20	20	-1	-1	1	1	1	1	0	0	1	1	1	1	加闪避率值	0	0	0	0	0	40000	0	50000	0	50000	100000	0	0	0	0	0	40000	0	50000	0	0	100000	0	0	0	0	0	40000	0	60000	0	50000	100000	0	0	0	0	0	40000	0	50000	0	50000	100000
二	345	0	5	150	1	2	30	30	30	30	-1	-1	1	1	1	1	0	0	1	1	1	1	加闪避率值	0	0	0	0	0	40000	0	50000	0	50000	100000	0	0	0	0	0	40000	0	50000	0	0	100000	0	0	0	0	0	40000	0	60000	0	50000	100000	0	0	0	0	0	40000	0	50000	0	50000	100000
三	346	0	6	150	1	2	30	30	30	30	-1	-1	1	1	1	1	0	0	1	1	1	1	加闪避率值	0	0	0	0	0	40000	0	50000	0	50000	100000	0	0	0	0	0	40000	0	50000	0	0	100000	0	0	0	0	0	40000	0	60000	0	50000	100000	0	0	0	0	0	40000	0	50000	0	50000	100000
四	347	0	7	150	1	2	40	40	40	40	-1	-1	1	1	1	1	0	0	1	1	1	1	加闪避率值	0	0	0	0	0	40000	0	50000	0	50000	100000	0	0	0	0	0	40000	0	50000	0	0	100000	0	0	0	0	0	40000	0	60000	0	50000	100000	0	0	0	0	0	40000	0	50000	0	50000	100000
五	348	0	8	150	1	2	40	40	40	40	-1	-1	1	1	1	1	0	0	1	1	1	1	加闪避率值	0	0	0	0	0	40000	0	50000	0	50000	100000	0	0	0	0	0	40000	0	50000	0	0	100000	0	0	0	0	0	40000	0	60000	0	50000	100000	0	0	0	0	0	40000	0	50000	0	50000	100000
六	349	0	9	150	1	2	50	50	50	50	-1	-1	1	1	1	1	0	0	1	1	1	1	加闪避率值	0	0	0	0	0	40000	0	50000	0	50000	100000	0	0	0	0	0	40000	0	50000	0	0	100000	0	0	0	0	0	40000	0	60000	0	50000	100000	0	0	0	0	0	40000	0	50000	0	50000	100000
日	350	0	10	150	1	2	50	50	50	50	-1	-1	1	1	1	1	0	0	1	1	1	1	加闪避率值	0	0	0	0	0	40000	0	50000	0	50000	100000	0	0	0	0	0	40000	0	50000	0	0	100000	0	0	0	0	0	40000	0	60000	0	50000	100000	0	0	0	0	0	40000	0	50000	0	50000	100000
一	351	0	1	151	0	0	1	1	1	1	-1	-1	1	1	1	1	0	0	1	1	1	1	加闪避率百分比	0	0	0	0	0	0	0	0	0	0	0	0	0	0	0	0	0	0	0	0	0	0	0	0	0	0	0	0	0	0	0	0	0	0	0	0	0	0	0	0	0	0	0	0
二	352	0	2	151	0	0	1	1	1	1	-1	-1	1	1	1	1	0	0	1	1	1	1	加闪避率百分比	0	0	0	0	0	0	0	0	0	0	0	0	0	0	0	0	0	0	0	0	0	0	0	0	0	0	0	0	0	0	0	0	0	0	0	0	0	0	0	0	0	0	0	0
三	353	0	3	151	0	0	1	1	1	1	-1	-1	1	1	1	1	0	0	1	1	1	1	加闪避率百分比	0	0	0	0	0	0	0	0	0	0	0	0	0	0	0	0	0	0	0	0	0	0	0	0	0	0	0	0	0	0	0	0	0	0	0	0	0	0	0	0	0	0	0	0
四	354	0	4	151	0	0	1	1	1	1	-1	-1	1	1	1	1	0	0	1	1	1	1	加闪避率百分比	0	0	0	0	0	0	0	0	0	0	0	0	0	0	0	0	0	0	0	0	0	0	0	0	0	0	0	0	0	0	0	0	0	0	0	0	0	0	0	0	0	0	0	0
五	355	0	5	151	0	0	1	1	1	1	-1	-1	1	1	1	1	0	0	1	1	1	1	加闪避率百分比	0	0	0	0	0	0	0	0	0	0	0	0	0	0	0	0	0	0	0	0	0	0	0	0	0	0	0	0	0	0	0	0	0	0	0	0	0	0	0	0	0	0	0	0
六	356	0	6	151	0	0	1	1	1	1	-1	-1	1	1	1	1	0	0	1	1	1	1	加闪避率百分比	0	0	0	0	0	0	0	0	0	0	0	0	0	0	0	0	0	0	0	0	0	0	0	0	0	0	0	0	0	0	0	0	0	0	0	0	0	0	0	0	0	0	0	0
日	357	0	7	151	0	0	1	1	1	1	-1	-1	1	1	1	1	0	0	1	1	1	1	加闪避率百分比	0	0	0	0	0	0	0	0	0	0	0	0	0	0	0	0	0	0	0	0	0	0	0	0	0	0	0	0	0	0	0	0	0	0	0	0	0	0	0	0	0	0	0	0
一	358	0	8	151	0	0	1	1	1	1	-1	-1	1	1	1	1	0	0	1	1	1	1	加闪避率百分比	0	0	0	0	0	0	0	0	0	0	0	0	0	0	0	0	0	0	0	0	0	0	0	0	0	0	0	0	0	0	0	0	0	0	0	0	0	0	0	0	0	0	0	0
二	359	0	9	151	0	0	1	1	1	1	-1	-1	1	1	1	1	0	0	1	1	1	1	加闪避率百分比	0	0	0	0	0	0	0	0	0	0	0	0	0	0	0	0	0	0	0	0	0	0	0	0	0	0	0	0	0	0	0	0	0	0	0	0	0	0	0	0	0	0	0	0
三	360	0	10	151	0	0	1	1	1	1	-1	-1	1	1	1	1	0	0	1	1	1	1	加闪避率百分比	0	0	0	0	0	0	0	0	0	0	0	0	0	0	0	0	0	0	0	0	0	0	0	0	0	0	0	0	0	0	0	0	0	0	0	0	0	0	0	0	0	0	0	0
四	361	0	1	155	0	0	1	1	1	1	-1	-1	1	1	1	1	0	0	1	1	1	1	加物理免疫上限	0	0	0	0	0	0	0	0	0	0	0	0	0	0	0	0	0	0	0	0	0	0	0	0	0	0	0	0	0	0	0	0	0	0	0	0	0	0	0	0	0	0	0	0
五	362	0	2	155	0	0	1	1	1	1	-1	-1	1	1	1	1	0	0	1	1	1	1	加物理免疫上限	0	0	0	0	0	0	0	0	0	0	0	0	0	0	0	0	0	0	0	0	0	0	0	0	0	0	0	0	0	0	0	0	0	0	0	0	0	0	0	0	0	0	0	0
六	363	0	3	155	0	0	1	1	1	1	-1	-1	1	1	1	1	0	0	1	1	1	1	加物理免疫上限	0	0	0	0	0	0	0	0	0	0	0	0	0	0	0	0	0	0	0	0	0	0	0	0	0	0	0	0	0	0	0	0	0	0	0	0	0	0	0	0	0	0	0	0
日	364	0	4	155	0	0	1	1	1	1	-1	-1	1	1	1	1	0	0	1	1	1	1	加物理免疫上限	0	0	0	0	0	0	0	0	0	0	0	0	0	0	0	0	0	0	0	0	0	0	0	0	0	0	0	0	0	0	0	0	0	0	0	0	0	0	0	0	0	0	0	0
一	365	0	5	155	0	0	1	1	1	1	-1	-1	1	1	1	1	0	0	1	1	1	1	加物理免疫上限	0	0	0	0	0	0	0	0	0	0	0	0	0	0	0	0	0	0	0	0	0	0	0	0	0	0	0	0	0	0	0	0	0	0	0	0	0	0	0	0	0	0	0	0
二	366	0	6	155	0	0	1	1	1	1	-1	-1	1	1	1	1	0	0	1	1	1	1	加物理免疫上限	0	0	0	0	0	0	0	0	0	0	0	0	0	0	0	0	0	0	0	0	0	0	0	0	0	0	0	0	0	0	0	0	0	0	0	0	0	0	0	0	0	0	0	0
三	367	0	7	155	0	0	1	1	1	1	-1	-1	1	1	1	1	0	0	1	1	1	1	加物理免疫上限	0	0	0	0	0	0	0	0	0	0	0	0	0	0	0	0	0	0	0	0	0	0	0	0	0	0	0	0	0	0	0	0	0	0	0	0	0	0	0	0	0	0	0	0
四	368	0	8	155	0	0	1	1	1	1	-1	-1	1	1	1	1	0	0	1	1	1	1	加物理免疫上限	0	0	0	0	0	0	0	0	0	0	0	0	0	0	0	0	0	0	0	0	0	0	0	0	0	0	0	0	0	0	0	0	0	0	0	0	0	0	0	0	0	0	0	0
五	369	0	9	155	0	0	1	1	1	1	-1	-1	1	1	1	1	0	0	1	1	1	1	加物理免疫上限	0	0	0	0	0	0	0	0	0	0	0	0	0	0	0	0	0	0	0	0	0	0	0	0	0	0	0	0	0	0	0	0	0	0	0	0	0	0	0	0	0	0	0	0
六	370	0	10	155	0	0	1	1	1	1	-1	-1	1	1	1	1	0	0	1	1	1	1	加物理免疫上限	0	0	0	0	0	0	0	0	0	0	0	0	0	0	0	0	0	0	0	0	0	0	0	0	0	0	0	0	0	0	0	0	0	0	0	0	0	0	0	0	0	0	0	0
日	371	0	1	156	0	0	1	1	1	1	-1	-1	1	1	1	1	0	0	1	1	1	1	加冰防上限	0	0	0	0	0	0	0	0	0	0	0	0	0	0	0	0	0	0	0	0	0	0	0	0	0	0	0	0	0	0	0	0	0	0	0	0	0	0	0	0	0	0	0	0
一	372	0	2	156	0	0	1	1	1	1	-1	-1	1	1	1	1	0	0	1	1	1	1	加冰防上限	0	0	0	0	0	0	0	0	0	0	0	0	0	0	0	0	0	0	0	0	0	0	0	0	0	0	0	0	0	0	0	0	0	0	0	0	0	0	0	0	0	0	0	0
二	373	0	3	156	0	0	1	1	1	1	-1	-1	1	1	1	1	0	0	1	1	1	1	加冰防上限	0	0	0	0	0	0	0	0	0	0	0	0	0	0	0	0	0	0	0	0	0	0	0	0	0	0	0	0	0	0	0	0	0	0	0	0	0	0	0	0	0	0	0	0
三	374	0	4	156	0	0	1	1	1	1	-1	-1	1	1	1	1	0	0	1	1	1	1	加冰防上限	0	0	0	0	0	0	0	0	0	0	0	0	0	0	0	0	0	0	0	0	0	0	0	0	0	0	0	0	0	0	0	0	0	0	0	0	0	0	0	0	0	0	0	0
四	375	0	5	156	0	0	1	1	1	1	-1	-1	1	1	1	1	0	0	1	1	1	1	加冰防上限	0	0	0	0	0	0	0	0	0	0	0	0	0	0	0	0	0	0	0	0	0	0	0	0	0	0	0	0	0	0	0	0	0	0	0	0	0	0	0	0	0	0	0	0
五	376	0	6	156	0	0	1	1	1	1	-1	-1	1	1	1	1	0	0	1	1	1	1	加冰防上限	0	0	0	0	0	0	0	0	0	0	0	0	0	0	0	0	0	0	0	0	0	0	0	0	0	0	0	0	0	0	0	0	0	0	0	0	0	0	0	0	0	0	0	0
六	377	0	7	156	0	0	1	1	1	1	-1	-1	1	1	1	1	0	0	1	1	1	1	加冰防上限	0	0	0	0	0	0	0	0	0	0	0	0	0	0	0	0	0	0	0	0	0	0	0	0	0	0	0	0	0	0	0	0	0	0	0	0	0	0	0	0	0	0	0	0
日	378	0	8	156	0	0	1	1	1	1	-1	-1	1	1	1	1	0	0	1	1	1	1	加冰防上限	0	0	0	0	0	0	0	0	0	0	0	0	0	0	0	0	0	0	0	0	0	0	0	0	0	0	0	0	0	0	0	0	0	0	0	0	0	0	0	0	0	0	0	0
一	379	0	9	156	0	0	1	1	1	1	-1	-1	1	1	1	1	0	0	1	1	1	1	加冰防上限	0	0	0	0	0	0	0	0	0	0	0	0	0	0	0	0	0	0	0	0	0	0	0	0	0	0	0	0	0	0	0	0	0	0	0	0	0	0	0	0	0	0	0	0
二	380	0	10	156	0	0	1	1	1	1	-1	-1	1	1	1	1	0	0	1	1	1	1	加冰防上限	0	0	0	0	0	0	0	0	0	0	0	0	0	0	0	0	0	0	0	0	0	0	0	0	0	0	0	0	0	0	0	0	0	0	0	0	0	0	0	0	0	0	0	0
三	381	0	1	157	0	0	1	1	1	1	-1	-1	1	1	1	1	0	0	1	1	1	1	加火防上限	0	0	0	0	0	0	0	0	0	0	0	0	0	0	0	0	0	0	0	0	0	0	0	0	0	0	0	0	0	0	0	0	0	0	0	0	0	0	0	0	0	0	0	0
四	382	0	2	157	0	0	1	1	1	1	-1	-1	1	1	1	1	0	0	1	1	1	1	加火防上限	0	0	0	0	0	0	0	0	0	0	0	0	0	0	0	0	0	0	0	0	0	0	0	0	0	0	0	0	0	0	0	0	0	0	0	0	0	0	0	0	0	0	0	0
五	383	0	3	157	0	0	1	1	1	1	-1	-1	1	1	1	1	0	0	1	1	1	1	加火防上限	0	0	0	0	0	0	0	0	0	0	0	0	0	0	0	0	0	0	0	0	0	0	0	0	0	0	0	0	0	0	0	0	0	0	0	0	0	0	0	0	0	0	0	0
六	384	0	4	157	0	0	1	1	1	1	-1	-1	1	1	1	1	0	0	1	1	1	1	加火防上限	0	0	0	0	0	0	0	0	0	0	0	0	0	0	0	0	0	0	0	0	0	0	0	0	0	0	0	0	0	0	0	0	0	0	0	0	0	0	0	0	0	0	0	0
日	385	0	5	157	0	0	1	1	1	1	-1	-1	1	1	1	1	0	0	1	1	1	1	加火防上限	0	0	0	0	0	0	0	0	0	0	0	0	0	0	0	0	0	0	0	0	0	0	0	0	0	0	0	0	0	0	0	0	0	0	0	0	0	0	0	0	0	0	0	0
一	386	0	6	157	0	0	1	1	1	1	-1	-1	1	1	1	1	0	0	1	1	1	1	加火防上限	0	0	0	0	0	0	0	0	0	0	0	0	0	0	0	0	0	0	0	0	0	0	0	0	0	0	0	0	0	0	0	0	0	0	0	0	0	0	0	0	0	0	0	0
二	387	0	7	157	0	0	1	1	1	1	-1	-1	1	1	1	1	0	0	1	1	1	1	加火防上限	0	0	0	0	0	0	0	0	0	0	0	0	0	0	0	0	0	0	0	0	0	0	0	0	0	0	0	0	0	0	0	0	0	0	0	0	0	0	0	0	0	0	0	0
三	388	0	8	157	0	0	1	1	1	1	-1	-1	1	1	1	1	0	0	1	1	1	1	加火防上限	0	0	0	0	0	0	0	0	0	0	0	0	0	0	0	0	0	0	0	0	0	0	0	0	0	0	0	0	0	0	0	0	0	0	0	0	0	0	0	0	0	0	0	0
四	389	0	9	157	0	0	1	1	1	1	-1	-1	1	1	1	1	0	0	1	1	1	1	加火防上限	0	0	0	0	0	0	0	0	0	0	0	0	0	0	0	0	0	0	0	0	0	0	0	0	0	0	0	0	0	0	0	0	0	0	0	0	0	0	0	0	0	0	0	0
五	390	0	10	157	0	0	1	1	1	1	-1	-1	1	1	1	1	0	0	1	1	1	1	加火防上限	0	0	0	0	0	0	0	0	0	0	0	0	0	0	0	0	0	0	0	0	0	0	0	0	0	0	0	0	0	0	0	0	0	0	0	0	0	0	0	0	0	0	0	0
六	391	0	1	158	0	0	1	1	1	1	-1	-1	1	1	1	1	0	0	1	1	1	1	加雷防上限	0	0	0	0	0	0	0	0	0	0	0	0	0	0	0	0	0	0	0	0	0	0	0	0	0	0	0	0	0	0	0	0	0	0	0	0	0	0	0	0	0	0	0	0
日	392	0	2	158	0	0	1	1	1	1	-1	-1	1	1	1	1	0	0	1	1	1	1	加雷防上限	0	0	0	0	0	0	0	0	0	0	0	0	0	0	0	0	0	0	0	0	0	0	0	0	0	0	0	0	0	0	0	0	0	0	0	0	0	0	0	0	0	0	0	0
一	393	0	3	158	0	0	1	1	1	1	-1	-1	1	1	1	1	0	0	1	1	1	1	加雷防上限	0	0	0	0	0	0	0	0	0	0	0	0	0	0	0	0	0	0	0	0	0	0	0	0	0	0	0	0	0	0	0	0	0	0	0	0	0	0	0	0	0	0	0	0
二	394	0	4	158	0	0	1	1	1	1	-1	-1	1	1	1	1	0	0	1	1	1	1	加雷防上限	0	0	0	0	0	0	0	0	0	0	0	0	0	0	0	0	0	0	0	0	0	0	0	0	0	0	0	0	0	0	0	0	0	0	0	0	0	0	0	0	0	0	0	0
三	395	0	5	158	0	0	1	1	1	1	-1	-1	1	1	1	1	0	0	1	1	1	1	加雷防上限	0	0	0	0	0	0	0	0	0	0	0	0	0	0	0	0	0	0	0	0	0	0	0	0	0	0	0	0	0	0	0	0	0	0	0	0	0	0	0	0	0	0	0	0
四	396	0	6	158	0	0	1	1	1	1	-1	-1	1	1	1	1	0	0	1	1	1	1	加雷防上限	0	0	0	0	0	0	0	0	0	0	0	0	0	0	0	0	0	0	0	0	0	0	0	0	0	0	0	0	0	0	0	0	0	0	0	0	0	0	0	0	0	0	0	0
五	397	0	7	158	0	0	1	1	1	1	-1	-1	1	1	1	1	0	0	1	1	1	1	加雷防上限	0	0	0	0	0	0	0	0	0	0	0	0	0	0	0	0	0	0	0	0	0	0	0	0	0	0	0	0	0	0	0	0	0	0	0	0	0	0	0	0	0	0	0	0
六	398	0	8	158	0	0	1	1	1	1	-1	-1	1	1	1	1	0	0	1	1	1	1	加雷防上限	0	0	0	0	0	0	0	0	0	0	0	0	0	0	0	0	0	0	0	0	0	0	0	0	0	0	0	0	0	0	0	0	0	0	0	0	0	0	0	0	0	0	0	0
日	399	0	9	158	0	0	1	1	1	1	-1	-1	1	1	1	1	0	0	1	1	1	1	加雷防上限	0	0	0	0	0	0	0	0	0	0	0	0	0	0	0	0	0	0	0	0	0	0	0	0	0	0	0	0	0	0	0	0	0	0	0	0	0	0	0	0	0	0	0	0
一	400	0	10	158	0	0	1	1	1	1	-1	-1	1	1	1	1	0	0	1	1	1	1	加雷防上限	0	0	0	0	0	0	0	0	0	0	0	0	0	0	0	0	0	0	0	0	0	0	0	0	0	0	0	0	0	0	0	0	0	0	0	0	0	0	0	0	0	0	0	0
二	401	0	1	160	0	0	1	1	1	1	-1	-1	1	1	1	1	0	0	1	1	1	1	加全防上限	0	0	0	0	0	0	0	0	0	0	0	0	0	0	0	0	0	0	0	0	0	0	0	0	0	0	0	0	0	0	0	0	0	0	0	0	0	0	0	0	0	0	0	0
三	402	0	2	160	0	0	1	1	1	1	-1	-1	1	1	1	1	0	0	1	1	1	1	加全防上限	0	0	0	0	0	0	0	0	0	0	0	0	0	0	0	0	0	0	0	0	0	0	0	0	0	0	0	0	0	0	0	0	0	0	0	0	0	0	0	0	0	0	0	0
四	403	0	3	160	0	0	1	1	1	1	-1	-1	1	1	1	1	0	0	1	1	1	1	加全防上限	0	0	0	0	0	0	0	0	0	0	0	0	0	0	0	0	0	0	0	0	0	0	0	0	0	0	0	0	0	0	0	0	0	0	0	0	0	0	0	0	0	0	0	0
五	404	0	4	160	0	0	1	1	1	1	-1	-1	1	1	1	1	0	0	1	1	1	1	加全防上限	0	0	0	0	0	0	0	0	0	0	0	0	0	0	0	0	0	0	0	0	0	0	0	0	0	0	0	0	0	0	0	0	0	0	0	0	0	0	0	0	0	0	0	0
六	405	0	5	160	0	0	1	1	1	1	-1	-1	1	1	1	1	0	0	1	1	1	1	加全防上限	0	0	0	0	0	0	0	0	0	0	0	0	0	0	0	0	0	0	0	0	0	0	0	0	0	0	0	0	0	0	0	0	0	0	0	0	0	0	0	0	0	0	0	0
日	406	0	6	160	0	0	1	1	1	1	-1	-1	1	1	1	1	0	0	1	1	1	1	加全防上限	0	0	0	0	0	0	0	0	0	0	0	0	0	0	0	0	0	0	0	0	0	0	0	0	0	0	0	0	0	0	0	0	0	0	0	0	0	0	0	0	0	0	0	0
一	407	0	7	160	0	0	1	1	1	1	-1	-1	1	1	1	1	0	0	1	1	1	1	加全防上限	0	0	0	0	0	0	0	0	0	0	0	0	0	0	0	0	0	0	0	0	0	0	0	0	0	0	0	0	0	0	0	0	0	0	0	0	0	0	0	0	0	0	0	0
二	408	0	8	160	0	0	1	1	1	1	-1	-1	1	1	1	1	0	0	1	1	1	1	加全防上限	0	0	0	0	0	0	0	0	0	0	0	0	0	0	0	0	0	0	0	0	0	0	0	0	0	0	0	0	0	0	0	0	0	0	0	0	0	0	0	0	0	0	0	0
三	409	0	9	160	0	0	1	1	1	1	-1	-1	1	1	1	1	0	0	1	1	1	1	加全防上限	0	0	0	0	0	0	0	0	0	0	0	0	0	0	0	0	0	0	0	0	0	0	0	0	0	0	0	0	0	0	0	0	0	0	0	0	0	0	0	0	0	0	0	0
四	410	0	10	160	0	0	1	1	1	1	-1	-1	1	1	1	1	0	0	1	1	1	1	加全防上限	0	0	0	0	0	0	0	0	0	0	0	0	0	0	0	0	0	0	0	0	0	0	0	0	0	0	0	0	0	0	0	0	0	0	0	0	0	0	0	0	0	0	0	0
五	411	0	1	166	0	0	1	1	1	1	-1	-1	1	1	1	1	0	0	1	1	1	1	加准确率值	0	0	0	0	0	0	0	0	0	0	0	0	0	0	0	0	0	0	0	0	0	0	0	0	0	0	0	0	0	0	0	0	0	0	0	0	0	0	0	0	0	0	0	0
六	412	0	2	166	0	0	1	1	1	1	-1	-1	1	1	1	1	0	0	1	1	1	1	加准确率值	0	0	0	0	0	0	0	0	0	0	0	0	0	0	0	0	0	0	0	0	0	0	0	0	0	0	0	0	0	0	0	0	0	0	0	0	0	0	0	0	0	0	0	0
日	413	0	3	166	0	0	1	1	1	1	-1	-1	1	1	1	1	0	0	1	1	1	1	加准确率值	0	0	0	0	0	0	0	0	0	0	0	0	0	0	0	0	0	0	0	0	0	0	0	0	0	0	0	0	0	0	0	0	0	0	0	0	0	0	0	0	0	0	0	0
一	414	0	4	166	1	2	40	40	40	40	-1	-1	1	1	1	1	0	0	1	1	1	1	加准确率值	60000	0	0	0	0	0	0	0	0	0	100000	60000	0	0	0	0	0	0	0	0	0	100000	60000	0	0	0	0	0	0	0	0	0	100000	60000	0	0	0	0	0	0	0	0	0	100000
二	415	0	5	166	1	2	60	60	60	60	-1	-1	1	1	1	1	0	0	1	1	1	1	加准确率值	60000	0	0	0	0	0	0	0	0	0	100000	60000	0	0	0	0	0	0	0	0	0	100000	60000	0	0	0	0	0	0	0	0	0	100000	60000	0	0	0	0	0	0	0	0	0	100000
三	416	0	6	166	1	2	60	60	60	60	-1	-1	1	1	1	1	0	0	1	1	1	1	加准确率值	60000	0	0	0	0	0	0	0	0	0	100000	60000	0	0	0	0	0	0	0	0	0	100000	60000	0	0	0	0	0	0	0	0	0	100000	60000	0	0	0	0	0	0	0	0	0	100000
四	417	0	7	166	1	2	80	80	80	80	-1	-1	1	1	1	1	0	0	1	1	1	1	加准确率值	60000	0	0	0	0	0	0	0	0	0	100000	60000	0	0	0	0	0	0	0	0	0	100000	60000	0	0	0	0	0	0	0	0	0	100000	60000	0	0	0	0	0	0	0	0	0	100000
五	418	0	8	166	1	2	80	80	80	80	-1	-1	1	1	1	1	0	0	1	1	1	1	加准确率值	60000	0	0	0	0	0	0	0	0	0	100000	60000	0	0	0	0	0	0	0	0	0	100000	60000	0	0	0	0	0	0	0	0	0	100000	60000	0	0	0	0	0	0	0	0	0	100000
六	419	0	9	166	1	2	100	100	100	100	-1	-1	1	1	1	1	0	0	1	1	1	1	加准确率值	60000	0	0	0	0	0	0	0	0	0	100000	60000	0	0	0	0	0	0	0	0	0	100000	60000	0	0	0	0	0	0	0	0	0	100000	60000	0	0	0	0	0	0	0	0	0	100000
日	420	0	10	166	1	2	100	100	100	100	-1	-1	1	1	1	1	0	0	1	1	1	1	加准确率值	60000	0	0	0	0	0	0	0	0	0	100000	60000	0	0	0	0	0	0	0	0	0	100000	60000	0	0	0	0	0	0	0	0	0	100000	60000	0	0	0	0	0	0	0	0	0	100000
一	421	0	1	167	0	0	1	1	1	1	-1	-1	1	1	1	1	0	0	1	1	1	1	加准确率百分比	0	0	0	0	0	0	0	0	0	0	0	0	0	0	0	0	0	0	0	0	0	0	0	0	0	0	0	0	0	0	0	0	0	0	0	0	0	0	0	0	0	0	0	0
二	422	0	2	167	0	0	1	1	1	1	-1	-1	1	1	1	1	0	0	1	1	1	1	加准确率百分比	0	0	0	0	0	0	0	0	0	0	0	0	0	0	0	0	0	0	0	0	0	0	0	0	0	0	0	0	0	0	0	0	0	0	0	0	0	0	0	0	0	0	0	0
三	423	0	3	167	0	0	1	1	1	1	-1	-1	1	1	1	1	0	0	1	1	1	1	加准确率百分比	0	0	0	0	0	0	0	0	0	0	0	0	0	0	0	0	0	0	0	0	0	0	0	0	0	0	0	0	0	0	0	0	0	0	0	0	0	0	0	0	0	0	0	0
四	424	0	4	167	0	0	1	1	1	1	-1	-1	1	1	1	1	0	0	1	1	1	1	加准确率百分比	0	0	0	0	0	0	0	0	0	0	0	0	0	0	0	0	0	0	0	0	0	0	0	0	0	0	0	0	0	0	0	0	0	0	0	0	0	0	0	0	0	0	0	0
五	425	0	5	167	0	0	1	1	1	1	-1	-1	1	1	1	1	0	0	1	1	1	1	加准确率百分比	0	0	0	0	0	0	0	0	0	0	0	0	0	0	0	0	0	0	0	0	0	0	0	0	0	0	0	0	0	0	0	0	0	0	0	0	0	0	0	0	0	0	0	0
六	426	0	6	167	0	0	1	1	1	1	-1	-1	1	1	1	1	0	0	1	1	1	1	加准确率百分比	0	0	0	0	0	0	0	0	0	0	0	0	0	0	0	0	0	0	0	0	0	0	0	0	0	0	0	0	0	0	0	0	0	0	0	0	0	0	0	0	0	0	0	0
日	427	0	7	167	0	0	1	1	1	1	-1	-1	1	1	1	1	0	0	1	1	1	1	加准确率百分比	0	0	0	0	0	0	0	0	0	0	0	0	0	0	0	0	0	0	0	0	0	0	0	0	0	0	0	0	0	0	0	0	0	0	0	0	0	0	0	0	0	0	0	0
一	428	0	8	167	0	0	1	1	1	1	-1	-1	1	1	1	1	0	0	1	1	1	1	加准确率百分比	0	0	0	0	0	0	0	0	0	0	0	0	0	0	0	0	0	0	0	0	0	0	0	0	0	0	0	0	0	0	0	0	0	0	0	0	0	0	0	0	0	0	0	0
二	429	0	9	167	0	0	1	1	1	1	-1	-1	1	1	1	1	0	0	1	1	1	1	加准确率百分比	0	0	0	0	0	0	0	0	0	0	0	0	0	0	0	0	0	0	0	0	0	0	0	0	0	0	0	0	0	0	0	0	0	0	0	0	0	0	0	0	0	0	0	0
三	430	0	10	167	0	0	1	1	1	1	-1	-1	1	1	1	1	0	0	1	1	1	1	加准确率百分比	0	0	0	0	0	0	0	0	0	0	0	0	0	0	0	0	0	0	0	0	0	0	0	0	0	0	0	0	0	0	0	0	0	0	0	0	0	0	0	0	0	0	0	0
四	431	0	1	176	0	0	1	1	1	1	-1	-1	1	1	1	1	0	0	1	1	1	1	加土防	0	0	0	0	0	0	0	0	0	0	0	0	0	0	0	0	0	0	0	0	0	0	0	0	0	0	0	0	0	0	0	0	0	0	0	0	0	0	0	0	0	0	0	0
五	432	0	2	176	0	0	1	1	1	1	-1	-1	1	1	1	1	0	0	1	1	1	1	加土防	0	0	0	0	0	0	0	0	0	0	0	0	0	0	0	0	0	0	0	0	0	0	0	0	0	0	0	0	0	0	0	0	0	0	0	0	0	0	0	0	0	0	0	0
六	433	0	3	176	1	2	5	5	5	5	-1	-1	1	1	1	1	0	0	1	1	1	1	加土防	0	0	100000	0	0	100000	100000	100000	0	100000	0	0	0	100000	0	0	100000	100000	100000	0	100000	0	0	0	100000	0	0	100000	100000	100000	0	100000	0	0	0	100000	0	0	100000	100000	100000	0	100000	0
日	434	0	4	176	1	2	5	5	5	5	-1	-1	1	1	1	1	0	0	1	1	1	1	加土防	0	0	100000	0	0	100000	100000	100000	0	100000	0	0	0	100000	0	0	100000	100000	100000	0	100000	0	0	0	100000	0	0	100000	100000	100000	0	100000	0	0	0	100000	0	0	100000	100000	100000	0	100000	0
一	435	0	5	176	1	2	5	5	5	5	-1	-1	1	1	1	1	0	0	1	1	1	1	加土防	0	0	100000	0	0	100000	100000	100000	0	100000	0	0	0	100000	0	0	100000	100000	100000	0	100000	0	0	0	100000	0	0	100000	100000	100000	0	100000	0	0	0	100000	0	0	100000	100000	100000	0	100000	0
二	436	0	6	176	1	2	5	5	5	5	-1	-1	1	1	1	1	0	0	1	1	1	1	加土防	0	0	100000	0	0	100000	100000	100000	0	100000	0	0	0	100000	0	0	100000	100000	100000	0	100000	0	0	0	100000	0	0	100000	100000	100000	0	100000	0	0	0	100000	0	0	100000	100000	100000	0	100000	0
三	437	0	7	176	1	2	5	5	5	5	-1	-1	1	1	1	1	0	0	1	1	1	1	加土防	0	0	100000	0	0	100000	100000	100000	0	100000	0	0	0	100000	0	0	100000	100000	100000	0	100000	0	0	0	100000	0	0	100000	100000	100000	0	100000	0	0	0	100000	0	0	100000	100000	100000	0	100000	0
四	438	0	8	176	1	2	5	5	5	5	-1	-1	1	1	1	1	0	0	1	1	1	1	加土防	0	0	100000	0	0	100000	100000	100000	0	100000	0	0	0	100000	0	0	100000	100000	100000	0	100000	0	0	0	100000	0	0	100000	100000	100000	0	100000	0	0	0	100000	0	0	100000	100000	100000	0	100000	0
五	439	0	9	176	1	2	5	5	5	5	-1	-1	1	1	1	1	0	0	1	1	1	1	加土防	0	0	100000	0	0	100000	100000	100000	0	100000	0	0	0	100000	0	0	100000	100000	100000	0	100000	0	0	0	100000	0	0	100000	100000	100000	0	100000	0	0	0	100000	0	0	100000	100000	100000	0	100000	0
六	440	0	10	176	1	2	5	5	5	5	-1	-1	1	1	1	1	0	0	1	1	1	1	加土防	0	0	100000	0	0	100000	100000	100000	0	100000	0	0	0	100000	0	0	100000	100000	100000	0	100000	0	0	0	100000	0	0	100000	100000	100000	0	100000	0	0	0	100000	0	0	100000	100000	100000	0	100000	0
日	441	0	1	177	1	3	5	5	5	5	-1	-1	1	1	1	1	0	0	1	1	1	1	加土伤害	60000	0	0	0	0	0	0	0	0	0	0	0	0	0	0	0	0	0	0	0	0	0	0	0	0	0	0	0	0	0	0	0	0	60000	0	0	0	0	0	0	0	0	0	0
一	442	0	2	177	1	3	5	5	5	5	-1	-1	1	1	1	1	0	0	1	1	1	1	加土伤害	60000	0	0	0	0	0	0	0	0	0	0	0	0	0	0	0	0	0	0	0	0	0	0	0	0	0	0	0	0	0	0	0	0	60000	0	0	0	0	0	0	0	0	0	0
二	443	0	3	177	1	3	10	10	5	10	-1	-1	1	1	1	1	0	0	1	1	1	1	加土伤害	60000	0	0	0	0	0	0	0	0	0	0	0	0	0	0	0	0	0	0	0	0	0	0	0	0	0	0	0	0	0	0	0	0	60000	0	0	0	0	0	0	0	0	0	0
三	444	0	4	177	1	3	10	10	10	10	-1	-1	1	1	1	1	0	0	1	1	1	1	加土伤害	60000	0	0	0	0	0	0	0	0	0	0	0	0	0	0	0	0	0	0	0	0	0	0	0	0	0	0	0	0	0	0	0	0	60000	0	0	0	0	0	0	0	0	0	0
四	445	0	5	177	2	4	10	10	10	10	-1	-1	1	1	1	1	0	0	1	1	1	1	加土伤害	60000	0	0	0	0	0	0	0	0	0	0	0	0	0	0	0	0	0	0	0	0	0	0	0	0	0	0	0	0	0	0	0	0	60000	0	0	0	0	0	0	0	0	0	0
五	446	0	6	177	2	4	10	10	10	10	-1	-1	1	1	1	1	0	0	1	1	1	1	加土伤害	60000	0	0	0	0	0	0	0	0	0	0	0	0	0	0	0	0	0	0	0	0	0	0	0	0	0	0	0	0	0	0	0	0	60000	0	0	0	0	0	0	0	0	0	0
六	447	0	7	177	3	5	10	10	10	10	-1	-1	1	1	1	1	0	0	1	1	1	1	加土伤害	60000	0	0	0	0	0	0	0	0	0	0	0	0	0	0	0	0	0	0	0	0	0	0	0	0	0	0	0	0	0	0	0	0	60000	0	0	0	0	0	0	0	0	0	0
日	448	0	8	177	3	5	10	10	10	10	-1	-1	1	1	1	1	0	0	1	1	1	1	加土伤害	60000	0	0	0	0	0	0	0	0	0	0	0	0	0	0	0	0	0	0	0	0	0	0	0	0	0	0	0	0	0	0	0	0	60000	0	0	0	0	0	0	0	0	0	0
一	449	0	9	177	4	6	10	10	10	10	-1	-1	1	1	1	1	0	0	1	1	1	1	加土伤害	60000	0	0	0	0	0	0	0	0	0	0	0	0	0	0	0	0	0	0	0	0	0	0	0	0	0	0	0	0	0	0	0	0	60000	0	0	0	0	0	0	0	0	0	0
二	450	0	10	177	5	7	10	10	10	10	-1	-1	1	1	1	1	0	0	1	1	1	1	加土伤害	60000	0	0	0	0	0	0	0	0	0	0	0	0	0	0	0	0	0	0	0	0	0	0	0	0	0	0	0	0	0	0	0	0	60000	0	0	0	0	0	0	0	0	0	0
日	441	0	1	177	1	3	5	5	5	5	-1	-1	1	1	1	1	0	0	1	1	1	1	加土伤害	0	0	0	0	0	0	0	0	0	0	0	80000	0	0	0	0	0	0	0	0	0	0	0	0	0	0	0	0	0	0	0	0	0	0	0	0	0	0	0	0	0	0	0	0
一	442	0	2	177	1	3	5	5	5	5	-1	-1	1	1	1	1	0	0	1	1	1	1	加土伤害	0	0	0	0	0	0	0	0	0	0	0	80000	0	0	0	0	0	0	0	0	0	0	0	0	0	0	0	0	0	0	0	0	0	0	0	0	0	0	0	0	0	0	0	0
二	443	0	3	177	1	3	10	10	5	10	-1	-1	1	1	1	1	0	0	1	1	1	1	加土伤害	0	0	0	0	0	0	0	0	0	0	0	80000	0	0	0	0	0	0	0	0	0	0	0	0	0	0	0	0	0	0	0	0	0	0	0	0	0	0	0	0	0	0	0	0
三	444	0	4	177	1	3	10	10	10	10	-1	-1	1	1	1	1	0	0	1	1	1	1	加土伤害	0	0	0	0	0	0	0	0	0	0	0	80000	0	0	0	0	0	0	0	0	0	0	0	0	0	0	0	0	0	0	0	0	0	0	0	0	0	0	0	0	0	0	0	0
四	445	0	5	177	2	4	10	10	10	10	-1	-1	1	1	1	1	0	0	1	1	1	1	加土伤害	0	0	0	0	0	0	0	0	0	0	0	80000	0	0	0	0	0	0	0	0	0	0	0	0	0	0	0	0	0	0	0	0	0	0	0	0	0	0	0	0	0	0	0	0
五	446	0	6	177	2	4	10	10	10	10	-1	-1	1	1	1	1	0	0	1	1	1	1	加土伤害	0	0	0	0	0	0	0	0	0	0	0	80000	0	0	0	0	0	0	0	0	0	0	0	0	0	0	0	0	0	0	0	0	0	0	0	0	0	0	0	0	0	0	0	0
六	447	0	7	177	3	5	10	10	10	10	-1	-1	1	1	1	1	0	0	1	1	1	1	加土伤害	0	0	0	0	0	0	0	0	0	0	0	80000	0	0	0	0	0	0	0	0	0	0	0	0	0	0	0	0	0	0	0	0	0	0	0	0	0	0	0	0	0	0	0	0
日	448	0	8	177	3	5	10	10	10	10	-1	-1	1	1	1	1	0	0	1	1	1	1	加土伤害	0	0	0	0	0	0	0	0	0	0	0	80000	0	0	0	0	0	0	0	0	0	0	0	0	0	0	0	0	0	0	0	0	0	0	0	0	0	0	0	0	0	0	0	0
一	449	0	9	177	3	5	10	10	10	10	-1	-1	1	1	1	1	0	0	1	1	1	1	加土伤害	0	0	0	0	0	0	0	0	0	0	0	80000	0	0	0	0	0	0	0	0	0	0	0	0	0	0	0	0	0	0	0	0	0	0	0	0	0	0	0	0	0	0	0	0
二	450	0	10	177	4	6	10	10	10	10	-1	-1	1	1	1	1	0	0	1	1	1	1	加土伤害	0	0	0	0	0	0	0	0	0	0	0	80000	0	0	0	0	0	0	0	0	0	0	0	0	0	0	0	0	0	0	0	0	0	0	0	0	0	0	0	0	0	0	0	0
日	441	0	1	177	1	3	5	5	5	5	-1	-1	1	1	1	1	0	0	1	1	1	1	加土伤害	0	0	0	0	0	0	0	0	0	0	0	0	0	0	0	0	0	0	0	0	0	0	60000	0	0	0	0	0	0	0	0	0	0	0	0	0	0	0	0	0	0	0	0	0
一	442	0	2	177	1	3	5	5	5	5	-1	-1	1	1	1	1	0	0	1	1	1	1	加土伤害	0	0	0	0	0	0	0	0	0	0	0	0	0	0	0	0	0	0	0	0	0	0	60000	0	0	0	0	0	0	0	0	0	0	0	0	0	0	0	0	0	0	0	0	0
二	443	0	3	177	1	3	10	10	5	10	-1	-1	1	1	1	1	0	0	1	1	1	1	加土伤害	0	0	0	0	0	0	0	0	0	0	0	0	0	0	0	0	0	0	0	0	0	0	60000	0	0	0	0	0	0	0	0	0	0	0	0	0	0	0	0	0	0	0	0	0
三	444	0	4	177	1	3	10	10	10	10	-1	-1	1	1	1	1	0	0	1	1	1	1	加土伤害	0	0	0	0	0	0	0	0	0	0	0	0	0	0	0	0	0	0	0	0	0	0	60000	0	0	0	0	0	0	0	0	0	0	0	0	0	0	0	0	0	0	0	0	0
四	445	0	5	177	1	3	10	10	10	10	-1	-1	1	1	1	1	0	0	1	1	1	1	加土伤害	0	0	0	0	0	0	0	0	0	0	0	0	0	0	0	0	0	0	0	0	0	0	60000	0	0	0	0	0	0	0	0	0	0	0	0	0	0	0	0	0	0	0	0	0
五	446	0	6	177	1	3	10	10	10	10	-1	-1	1	1	1	1	0	0	1	1	1	1	加土伤害	0	0	0	0	0	0	0	0	0	0	0	0	0	0	0	0	0	0	0	0	0	0	60000	0	0	0	0	0	0	0	0	0	0	0	0	0	0	0	0	0	0	0	0	0
六	447	0	7	177	2	4	10	10	10	10	-1	-1	1	1	1	1	0	0	1	1	1	1	加土伤害	0	0	0	0	0	0	0	0	0	0	0	0	0	0	0	0	0	0	0	0	0	0	60000	0	0	0	0	0	0	0	0	0	0	0	0	0	0	0	0	0	0	0	0	0
日	448	0	8	177	2	4	10	10	10	10	-1	-1	1	1	1	1	0	0	1	1	1	1	加土伤害	0	0	0	0	0	0	0	0	0	0	0	0	0	0	0	0	0	0	0	0	0	0	60000	0	0	0	0	0	0	0	0	0	0	0	0	0	0	0	0	0	0	0	0	0
一	449	0	9	177	2	4	10	10	10	10	-1	-1	1	1	1	1	0	0	1	1	1	1	加土伤害	0	0	0	0	0	0	0	0	0	0	0	0	0	0	0	0	0	0	0	0	0	0	60000	0	0	0	0	0	0	0	0	0	0	0	0	0	0	0	0	0	0	0	0	0
二	450	0	10	177	3	5	10	10	10	10	-1	-1	1	1	1	1	0	0	1	1	1	1	加土伤害	0	0	0	0	0	0	0	0	0	0	0	0	0	0	0	0	0	0	0	0	0	0	60000	0	0	0	0	0	0	0	0	0	0	0	0	0	0	0	0	0	0	0	0	0
三	451	0	1	178	0	0	1	1	1	1	-1	-1	1	1	1	1	0	0	1	1	1	1	加土防上限	0	0	0	0	0	0	0	0	0	0	0	0	0	0	0	0	0	0	0	0	0	0	0	0	0	0	0	0	0	0	0	0	0	0	0	0	0	0	0	0	0	0	0	0
四	452	0	2	178	0	0	1	1	1	1	-1	-1	1	1	1	1	0	0	1	1	1	1	加土防上限	0	0	0	0	0	0	0	0	0	0	0	0	0	0	0	0	0	0	0	0	0	0	0	0	0	0	0	0	0	0	0	0	0	0	0	0	0	0	0	0	0	0	0	0
五	453	0	3	178	0	0	1	1	1	1	-1	-1	1	1	1	1	0	0	1	1	1	1	加土防上限	0	0	0	0	0	0	0	0	0	0	0	0	0	0	0	0	0	0	0	0	0	0	0	0	0	0	0	0	0	0	0	0	0	0	0	0	0	0	0	0	0	0	0	0
六	454	0	4	178	0	0	1	1	1	1	-1	-1	1	1	1	1	0	0	1	1	1	1	加土防上限	0	0	0	0	0	0	0	0	0	0	0	0	0	0	0	0	0	0	0	0	0	0	0	0	0	0	0	0	0	0	0	0	0	0	0	0	0	0	0	0	0	0	0	0
日	455	0	5	178	0	0	1	1	1	1	-1	-1	1	1	1	1	0	0	1	1	1	1	加土防上限	0	0	0	0	0	0	0	0	0	0	0	0	0	0	0	0	0	0	0	0	0	0	0	0	0	0	0	0	0	0	0	0	0	0	0	0	0	0	0	0	0	0	0	0
一	456	0	6	178	0	0	1	1	1	1	-1	-1	1	1	1	1	0	0	1	1	1	1	加土防上限	0	0	0	0	0	0	0	0	0	0	0	0	0	0	0	0	0	0	0	0	0	0	0	0	0	0	0	0	0	0	0	0	0	0	0	0	0	0	0	0	0	0	0	0
二	457	0	7	178	0	0	1	1	1	1	-1	-1	1	1	1	1	0	0	1	1	1	1	加土防上限	0	0	0	0	0	0	0	0	0	0	0	0	0	0	0	0	0	0	0	0	0	0	0	0	0	0	0	0	0	0	0	0	0	0	0	0	0	0	0	0	0	0	0	0
三	458	0	8	178	0	0	1	1	1	1	-1	-1	1	1	1	1	0	0	1	1	1	1	加土防上限	0	0	0	0	0	0	0	0	0	0	0	0	0	0	0	0	0	0	0	0	0	0	0	0	0	0	0	0	0	0	0	0	0	0	0	0	0	0	0	0	0	0	0	0
四	459	0	9	178	0	0	1	1	1	1	-1	-1	1	1	1	1	0	0	1	1	1	1	加土防上限	0	0	0	0	0	0	0	0	0	0	0	0	0	0	0	0	0	0	0	0	0	0	0	0	0	0	0	0	0	0	0	0	0	0	0	0	0	0	0	0	0	0	0	0
五	460	0	10	178	0	0	1	1	1	1	-1	-1	1	1	1	1	0	0	1	1	1	1	加土防上限	0	0	0	0	0	0	0	0	0	0	0	0	0	0	0	0	0	0	0	0	0	0	0	0	0	0	0	0	0	0	0	0	0	0	0	0	0	0	0	0	0	0	0	0
六	461	0	1	179	1	3	5	3	3	5	-1	-1	1	1	1	1	0	0	1	1	1	1	加防御力	0	0	100000	0	0	0	0	100000	0	100000	0	0	0	100000	0	0	0	0	100000	0	100000	0	0	0	100000	0	0	0	0	100000	0	100000	0	0	0	100000	0	0	0	0	100000	0	100000	0
日	462	0	2	179	1	3	5	3	3	5	-1	-1	1	1	1	1	0	0	1	1	1	1	加防御力	0	0	100000	0	0	0	0	100000	0	100000	0	0	0	100000	0	0	0	0	100000	0	100000	0	0	0	100000	0	0	0	0	100000	0	100000	0	0	0	100000	0	0	0	0	100000	0	100000	0
一	463	0	3	179	1	3	5	3	3	5	-1	-1	1	1	1	1	0	0	1	1	1	1	加防御力	0	0	100000	0	0	0	0	100000	0	100000	0	0	0	100000	0	0	0	0	100000	0	100000	0	0	0	100000	0	0	0	0	100000	0	100000	0	0	0	100000	0	0	0	0	100000	0	100000	0
二	464	0	4	179	2	4	5	3	3	5	-1	-1	1	1	1	1	0	0	1	1	1	1	加防御力	0	0	100000	0	0	0	0	100000	0	100000	0	0	0	100000	0	0	0	0	100000	0	100000	0	0	0	100000	0	0	0	0	100000	0	100000	0	0	0	100000	0	0	0	0	100000	0	100000	0
三	465	0	5	179	3	5	5	3	3	5	-1	-1	1	1	1	1	0	0	1	1	1	1	加防御力	0	0	100000	0	0	0	0	100000	0	100000	0	0	0	100000	0	0	0	0	100000	0	100000	0	0	0	100000	0	0	0	0	100000	0	100000	0	0	0	100000	0	0	0	0	100000	0	100000	0
四	466	0	6	179	3	5	5	3	3	5	-1	-1	1	1	1	1	0	0	1	1	1	1	加防御力	0	0	100000	0	0	0	0	100000	0	100000	0	0	0	100000	0	0	0	0	100000	0	100000	0	0	0	100000	0	0	0	0	100000	0	100000	0	0	0	100000	0	0	0	0	100000	0	100000	0
五	467	0	7	179	4	6	5	3	3	5	-1	-1	1	1	1	1	0	0	1	1	1	1	加防御力	0	0	100000	0	0	0	0	100000	0	100000	0	0	0	100000	0	0	0	0	100000	0	100000	0	0	0	100000	0	0	0	0	100000	0	100000	0	0	0	100000	0	0	0	0	100000	0	100000	0
六	468	0	8	179	5	7	5	3	3	5	-1	-1	1	1	1	1	0	0	1	1	1	1	加防御力	0	0	100000	0	0	0	0	100000	0	100000	0	0	0	100000	0	0	0	0	100000	0	100000	0	0	0	100000	0	0	0	0	100000	0	100000	0	0	0	100000	0	0	0	0	100000	0	100000	0
日	469	0	9	179	5	7	5	3	3	5	-1	-1	1	1	1	1	0	0	1	1	1	1	加防御力	0	0	100000	0	0	0	0	100000	0	100000	0	0	0	100000	0	0	0	0	100000	0	100000	0	0	0	100000	0	0	0	0	100000	0	100000	0	0	0	100000	0	0	0	0	100000	0	100000	0
一	470	0	10	179	6	8	5	3	3	5	-1	-1	1	1	1	1	0	0	1	1	1	1	加防御力	0	0	100000	0	0	0	0	100000	0	100000	0	0	0	100000	0	0	0	0	100000	0	100000	0	0	0	100000	0	0	0	0	100000	0	100000	0	0	0	100000	0	0	0	0	100000	0	100000	0
六	471	0	1	179	1	3	2	2	2	2	-1	-1	1	1	1	1	0	0	1	1	1	1	加防御力	0	0	0	0	0	100000	100000	0	0	0	0	0	0	0	0	0	100000	100000	0	0	0	0	0	0	0	0	0	100000	100000	0	0	0	0	0	0	0	0	0	100000	100000	0	0	0	0
日	472	0	2	179	1	3	2	2	2	2	-1	-1	1	1	1	1	0	0	1	1	1	1	加防御力	0	0	0	0	0	100000	100000	0	0	0	0	0	0	0	0	0	100000	100000	0	0	0	0	0	0	0	0	0	100000	100000	0	0	0	0	0	0	0	0	0	100000	100000	0	0	0	0
一	473	0	3	179	1	3	3	3	3	3	-1	-1	1	1	1	1	0	0	1	1	1	1	加防御力	0	0	0	0	0	100000	100000	0	0	0	0	0	0	0	0	0	100000	100000	0	0	0	0	0	0	0	0	0	100000	100000	0	0	0	0	0	0	0	0	0	100000	100000	0	0	0	0
二	474	0	4	179	2	4	3	3	3	3	-1	-1	1	1	1	1	0	0	1	1	1	1	加防御力	0	0	0	0	0	100000	100000	0	0	0	0	0	0	0	0	0	100000	100000	0	0	0	0	0	0	0	0	0	100000	100000	0	0	0	0	0	0	0	0	0	100000	100000	0	0	0	0
三	475	0	5	179	3	5	3	3	3	3	-1	-1	1	1	1	1	0	0	1	1	1	1	加防御力	0	0	0	0	0	100000	100000	0	0	0	0	0	0	0	0	0	100000	100000	0	0	0	0	0	0	0	0	0	100000	100000	0	0	0	0	0	0	0	0	0	100000	100000	0	0	0	0
四	476	0	6	179	3	5	3	3	3	3	-1	-1	1	1	1	1	0	0	1	1	1	1	加防御力	0	0	0	0	0	100000	100000	0	0	0	0	0	0	0	0	0	100000	100000	0	0	0	0	0	0	0	0	0	100000	100000	0	0	0	0	0	0	0	0	0	100000	100000	0	0	0	0
五	477	0	7	179	4	6	3	3	3	3	-1	-1	1	1	1	1	0	0	1	1	1	1	加防御力	0	0	0	0	0	100000	100000	0	0	0	0	0	0	0	0	0	100000	100000	0	0	0	0	0	0	0	0	0	100000	100000	0	0	0	0	0	0	0	0	0	100000	100000	0	0	0	0
六	478	0	8	179	5	7	3	3	3	3	-1	-1	1	1	1	1	0	0	1	1	1	1	加防御力	0	0	0	0	0	100000	100000	0	0	0	0	0	0	0	0	0	100000	100000	0	0	0	0	0	0	0	0	0	100000	100000	0	0	0	0	0	0	0	0	0	100000	100000	0	0	0	0
日	479	0	9	179	5	7	3	3	3	3	-1	-1	1	1	1	1	0	0	1	1	1	1	加防御力	0	0	0	0	0	100000	100000	0	0	0	0	0	0	0	0	0	100000	100000	0	0	0	0	0	0	0	0	0	100000	100000	0	0	0	0	0	0	0	0	0	100000	100000	0	0	0	0
一	480	0	10	179	6	8	3	3	3	3	-1	-1	1	1	1	1	0	0	1	1	1	1	加防御力	0	0	0	0	0	100000	100000	0	0	0	0	0	0	0	0	0	100000	100000	0	0	0	0	0	0	0	0	0	100000	100000	0	0	0	0	0	0	0	0	0	100000	100000	0	0	0	0
二	481	0	1	182	0	0	1	1	1	1	-1	-1	1	1	1	1	0	0	1	1	1	1	加所有属性	0	0	0	0	0	0	0	0	0	0	0	0	0	0	0	0	0	0	0	0	0	0	0	0	0	0	0	0	0	0	0	0	0	0	0	0	0	0	0	0	0	0	0	0
三	482	0	2	182	0	0	1	1	1	1	-1	-1	1	1	1	1	0	0	1	1	1	1	加所有属性	0	0	0	0	0	0	0	0	0	0	0	0	0	0	0	0	0	0	0	0	0	0	0	0	0	0	0	0	0	0	0	0	0	0	0	0	0	0	0	0	0	0	0	0
四	483	0	3	182	0	0	1	1	1	1	-1	-1	1	1	1	1	0	0	1	1	1	1	加所有属性	0	0	0	0	0	0	0	0	0	0	0	0	0	0	0	0	0	0	0	0	0	0	0	0	0	0	0	0	0	0	0	0	0	0	0	0	0	0	0	0	0	0	0	0
五	484	0	4	182	0	0	1	1	1	1	-1	-1	1	1	1	1	0	0	1	1	1	1	加所有属性	0	0	0	0	0	0	0	0	0	0	0	0	0	0	0	0	0	0	0	0	0	0	0	0	0	0	0	0	0	0	0	0	0	0	0	0	0	0	0	0	0	0	0	0
六	485	0	5	182	0	0	1	1	1	1	-1	-1	1	1	1	1	0	0	1	1	1	1	加所有属性	0	0	0	0	0	0	0	0	0	0	0	0	0	0	0	0	0	0	0	0	0	0	0	0	0	0	0	0	0	0	0	0	0	0	0	0	0	0	0	0	0	0	0	0
日	486	0	6	182	0	0	1	1	1	1	-1	-1	1	1	1	1	0	0	1	1	1	1	加所有属性	0	0	0	0	0	0	0	0	0	0	0	0	0	0	0	0	0	0	0	0	0	0	0	0	0	0	0	0	0	0	0	0	0	0	0	0	0	0	0	0	0	0	0	0
一	487	0	7	182	0	0	1	1	1	1	-1	-1	1	1	1	1	0	0	1	1	1	1	加所有属性	0	0	0	0	0	0	0	0	0	0	0	0	0	0	0	0	0	0	0	0	0	0	0	0	0	0	0	0	0	0	0	0	0	0	0	0	0	0	0	0	0	0	0	0
二	488	0	8	182	0	0	1	1	1	1	-1	-1	1	1	1	1	0	0	1	1	1	1	加所有属性	0	0	0	0	0	0	0	0	0	0	0	0	0	0	0	0	0	0	0	0	0	0	0	0	0	0	0	0	0	0	0	0	0	0	0	0	0	0	0	0	0	0	0	0
三	489	0	9	182	0	0	1	1	1	1	-1	-1	1	1	1	1	0	0	1	1	1	1	加所有属性	0	0	0	0	0	0	0	0	0	0	0	0	0	0	0	0	0	0	0	0	0	0	0	0	0	0	0	0	0	0	0	0	0	0	0	0	0	0	0	0	0	0	0	0
四	490	0	10	182	0	0	1	1	1	1	-1	-1	1	1	1	1	0	0	1	1	1	1	加所有属性	0	0	0	0	0	0	0	0	0	0	0	0	0	0	0	0	0	0	0	0	0	0	0	0	0	0	0	0	0	0	0	0	0	0	0	0	0	0	0	0	0	0	0	0
二	471	0	1	111	10	10	1	1	1	1	-1	-1	1	1	1	1	0	0	1	1	1	1	加跑速	0	0	0	0	0	0	0	0	0	0	5000	0	0	0	0	0	0	0	0	0	0	5000	0	0	0	0	0	0	0	0	0	0	5000	0	0	0	0	0	0	0	0	0	0	5000
三	472	0	2	111	10	10	1	1	1	1	-1	-1	1	1	1	1	0	0	1	1	1	1	加跑速	0	0	0	0	0	0	0	0	0	0	5000	0	0	0	0	0	0	0	0	0	0	5000	0	0	0	0	0	0	0	0	0	0	5000	0	0	0	0	0	0	0	0	0	0	5000
四	473	0	3	111	10	10	1	1	1	1	-1	-1	1	1	1	1	0	0	1	1	1	1	加跑速	0	0	0	0	0	0	0	0	0	0	5000	0	0	0	0	0	0	0	0	0	0	5000	0	0	0	0	0	0	0	0	0	0	5000	0	0	0	0	0	0	0	0	0	0	5000
五	474	0	4	111	10	10	1	1	1	1	-1	-1	1	1	1	1	0	0	1	1	1	1	加跑速	0	0	0	0	0	0	0	0	0	0	5000	0	0	0	0	0	0	0	0	0	0	5000	0	0	0	0	0	0	0	0	0	0	5000	0	0	0	0	0	0	0	0	0	0	5000
六	475	0	5	111	10	10	1	1	1	1	-1	-1	1	1	1	1	0	0	1	1	1	1	加跑速	0	0	0	0	0	0	0	0	0	0	5000	0	0	0	0	0	0	0	0	0	0	5000	0	0	0	0	0	0	0	0	0	0	5000	0	0	0	0	0	0	0	0	0	0	5000
日	476	0	6	111	10	10	1	1	1	1	-1	-1	1	1	1	1	0	0	1	1	1	1	加跑速	0	0	0	0	0	0	0	0	0	0	5000	0	0	0	0	0	0	0	0	0	0	5000	0	0	0	0	0	0	0	0	0	0	5000	0	0	0	0	0	0	0	0	0	0	5000
一	477	0	7	111	10	10	1	1	1	1	-1	-1	1	1	1	1	0	0	1	1	1	1	加跑速	0	0	0	0	0	0	0	0	0	0	5000	0	0	0	0	0	0	0	0	0	0	5000	0	0	0	0	0	0	0	0	0	0	5000	0	0	0	0	0	0	0	0	0	0	5000
二	478	0	8	111	10	10	1	1	1	1	-1	-1	1	1	1	1	0	0	1	1	1	1	加跑速	0	0	0	0	0	0	0	0	0	0	5000	0	0	0	0	0	0	0	0	0	0	5000	0	0	0	0	0	0	0	0	0	0	5000	0	0	0	0	0	0	0	0	0	0	5000
三	479	0	9	111	10	10	1	1	1	1	-1	-1	1	1	1	1	0	0	1	1	1	1	加跑速	0	0	0	0	0	0	0	0	0	0	5000	0	0	0	0	0	0	0	0	0	0	5000	0	0	0	0	0	0	0	0	0	0	5000	0	0	0	0	0	0	0	0	0	0	5000
四	480	0	10	111	10	10	1	1	1	1	-1	-1	1	1	1	1	0	0	1	1	1	1	加跑速	0	0	0	0	0	0	0	0	0	0	5000	0	0	0	0	0	0	0	0	0	0	5000	0	0	0	0	0	0	0	0	0	0	5000	0	0	0	0	0	0	0	0	0	0	5000
二	471	0	1	111	20	20	1	1	1	1	-1	-1	1	1	1	1	0	0	1	1	1	1	加跑速	0	0	0	0	0	0	0	0	0	0	50	0	0	0	0	0	0	0	0	0	0	50	0	0	0	0	0	0	0	0	0	0	50	0	0	0	0	0	0	0	0	0	0	50
三	472	0	2	111	20	20	1	1	1	1	-1	-1	1	1	1	1	0	0	1	1	1	1	加跑速	0	0	0	0	0	0	0	0	0	0	50	0	0	0	0	0	0	0	0	0	0	50	0	0	0	0	0	0	0	0	0	0	50	0	0	0	0	0	0	0	0	0	0	50
四	473	0	3	111	20	20	1	1	1	1	-1	-1	1	1	1	1	0	0	1	1	1	1	加跑速	0	0	0	0	0	0	0	0	0	0	50	0	0	0	0	0	0	0	0	0	0	50	0	0	0	0	0	0	0	0	0	0	50	0	0	0	0	0	0	0	0	0	0	50
五	474	0	4	111	20	20	1	1	1	1	-1	-1	1	1	1	1	0	0	1	1	1	1	加跑速	0	0	0	0	0	0	0	0	0	0	50	0	0	0	0	0	0	0	0	0	0	50	0	0	0	0	0	0	0	0	0	0	50	0	0	0	0	0	0	0	0	0	0	50
六	475	0	5	111	20	20	1	1	1	1	-1	-1	1	1	1	1	0	0	1	1	1	1	加跑速	0	0	0	0	0	0	0	0	0	0	50	0	0	0	0	0	0	0	0	0	0	50	0	0	0	0	0	0	0	0	0	0	50	0	0	0	0	0	0	0	0	0	0	50
日	476	0	6	111	20	20	1	1	1	1	-1	-1	1	1	1	1	0	0	1	1	1	1	加跑速	0	0	0	0	0	0	0	0	0	0	50	0	0	0	0	0	0	0	0	0	0	50	0	0	0	0	0	0	0	0	0	0	50	0	0	0	0	0	0	0	0	0	0	50
一	477	0	7	111	20	20	1	1	1	1	-1	-1	1	1	1	1	0	0	1	1	1	1	加跑速	0	0	0	0	0	0	0	0	0	0	50	0	0	0	0	0	0	0	0	0	0	50	0	0	0	0	0	0	0	0	0	0	50	0	0	0	0	0	0	0	0	0	0	50
二	478	0	8	111	20	20	1	1	1	1	-1	-1	1	1	1	1	0	0	1	1	1	1	加跑速	0	0	0	0	0	0	0	0	0	0	50	0	0	0	0	0	0	0	0	0	0	50	0	0	0	0	0	0	0	0	0	0	50	0	0	0	0	0	0	0	0	0	0	50
三	479	0	9	111	20	20	1	1	1	1	-1	-1	1	1	1	1	0	0	1	1	1	1	加跑速	0	0	0	0	0	0	0	0	0	0	50	0	0	0	0	0	0	0	0	0	0	50	0	0	0	0	0	0	0	0	0	0	50	0	0	0	0	0	0	0	0	0	0	50
四	480	0	10	111	20	20	1	1	1	1	-1	-1	1	1	1	1	0	0	1	1	1	1	加跑速	0	0	0	0	0	0	0	0	0	0	50	0	0	0	0	0	0	0	0	0	0	50	0	0	0	0	0	0	0	0	0	0	50	0	0	0	0	0	0	0	0	0	0	50
二	471	0	1	186	1	3	30	30	30	30	-1	-1	1	1	1	1	0	0	1	1	1	1	加负重	0	0	0	0	0	0	0	0	0	0	1000000	0	0	0	0	0	0	0	0	0	0	1000000	0	0	0	0	0	0	0	0	0	0	1000000	0	0	0	0	0	0	0	0	0	0	1000000
三	472	0	2	186	1	3	30	30	30	30	-1	-1	1	1	1	1	0	0	1	1	1	1	加负重	0	0	0	0	0	0	0	0	0	0	1000000	0	0	0	0	0	0	0	0	0	0	1000000	0	0	0	0	0	0	0	0	0	0	1000000	0	0	0	0	0	0	0	0	0	0	1000000
四	473	0	3	186	1	3	30	30	30	30	-1	-1	1	1	1	1	0	0	1	1	1	1	加负重	0	0	0	0	0	0	0	0	0	0	1000000	0	0	0	0	0	0	0	0	0	0	1000000	0	0	0	0	0	0	0	0	0	0	1000000	0	0	0	0	0	0	0	0	0	0	1000000
五	474	0	4	186	1	3	50	50	50	50	-1	-1	1	1	1	1	0	0	1	1	1	1	加负重	0	0	0	0	0	0	0	0	0	0	1000000	0	0	0	0	0	0	0	0	0	0	1000000	0	0	0	0	0	0	0	0	0	0	1000000	0	0	0	0	0	0	0	0	0	0	1000000
六	475	0	5	186	1	3	50	50	50	50	-1	-1	1	1	1	1	0	0	1	1	1	1	加负重	0	0	0	0	0	0	0	0	0	0	1000000	0	0	0	0	0	0	0	0	0	0	1000000	0	0	0	0	0	0	0	0	0	0	1000000	0	0	0	0	0	0	0	0	0	0	1000000
日	476	0	6	186	2	4	50	50	50	50	-1	-1	1	1	1	1	0	0	1	1	1	1	加负重	0	0	0	0	0	0	0	0	0	0	1000000	0	0	0	0	0	0	0	0	0	0	1000000	0	0	0	0	0	0	0	0	0	0	1000000	0	0	0	0	0	0	0	0	0	0	1000000
一	477	0	7	186	2	4	50	50	50	50	-1	-1	1	1	1	1	0	0	1	1	1	1	加负重	0	0	0	0	0	0	0	0	0	0	1000000	0	0	0	0	0	0	0	0	0	0	1000000	0	0	0	0	0	0	0	0	0	0	1000000	0	0	0	0	0	0	0	0	0	0	1000000
二	478	0	8	186	3	5	50	50	50	50	-1	-1	1	1	1	1	0	0	1	1	1	1	加负重	0	0	0	0	0	0	0	0	0	0	1000000	0	0	0	0	0	0	0	0	0	0	1000000	0	0	0	0	0	0	0	0	0	0	1000000	0	0	0	0	0	0	0	0	0	0	1000000
三	479	0	9	186	3	5	50	50	50	50	-1	-1	1	1	1	1	0	0	1	1	1	1	加负重	0	0	0	0	0	0	0	0	0	0	1000000	0	0	0	0	0	0	0	0	0	0	1000000	0	0	0	0	0	0	0	0	0	0	1000000	0	0	0	0	0	0	0	0	0	0	1000000
四	480	0	10	186	4	6	50	50	50	50	-1	-1	1	1	1	1	0	0	1	1	1	1	加负重	0	0	0	0	0	0	0	0	0	0	1000000	0	0	0	0	0	0	0	0	0	0	1000000	0	0	0	0	0	0	0	0	0	0	1000000	0	0	0	0	0	0	0	0	0	0	1000000
天雷	0	4	1	163	5	10	2	2	2	2	-1	-1	1	1	1	1	0	0	1	1	1	1	加雷伤害百分比	0	0	0	0	0	0	0	0	0	0	0	0	0	0	0	0	0	0	0	0	0	1000000	0	0	0	0	0	0	0	0	0	0	0	0	0	0	0	0	0	0	0	0	0	0
雷公	0	4	2	163	5	10	2	2	2	2	-1	-1	1	1	1	1	0	0	1	1	1	1	加雷伤害百分比	0	0	0	0	0	0	0	0	0	0	0	0	0	0	0	0	0	0	0	0	0	1000000	0	0	0	0	0	0	0	0	0	0	0	0	0	0	0	0	0	0	0	0	0	0
雷神	0	4	3	163	5	10	2	2	2	2	-1	-1	1	1	1	1	0	0	1	1	1	1	加雷伤害百分比	0	0	0	0	0	0	0	0	0	0	0	0	0	0	0	0	0	0	0	0	0	1000000	0	0	0	0	0	0	0	0	0	0	0	0	0	0	0	0	0	0	0	0	0	0
金意	0	0	4	163	5	10	2	2	2	2	-1	-1	1	1	1	1	0	0	1	1	1	1	加雷伤害百分比	0	0	0	0	0	0	0	0	0	0	0	0	0	0	0	0	0	0	0	0	0	1000000	0	0	0	0	0	0	0	0	0	0	0	0	0	0	0	0	0	0	0	0	0	0
金性	0	0	5	163	5	10	2	2	2	2	-1	-1	1	1	1	1	0	0	1	1	1	1	加雷伤害百分比	0	0	0	0	0	0	0	0	0	0	0	0	0	0	0	0	0	0	0	0	0	1000000	0	0	0	0	0	0	0	0	0	0	0	0	0	0	0	0	0	0	0	0	0	0
金韵	0	0	6	163	5	10	2	2	2	2	-1	-1	1	1	1	1	0	0	1	1	1	1	加雷伤害百分比	0	0	0	0	0	0	0	0	0	0	0	0	0	0	0	0	0	0	0	0	0	1000000	0	0	0	0	0	0	0	0	0	0	0	0	0	0	0	0	0	0	0	0	0	0
金气	0	0	7	163	5	10	2	2	2	2	-1	-1	1	1	1	1	0	0	1	1	1	1	加雷伤害百分比	0	0	0	0	0	0	0	0	0	0	0	0	0	0	0	0	0	0	0	0	0	1000000	0	0	0	0	0	0	0	0	0	0	0	0	0	0	0	0	0	0	0	0	0	0
金心	0	0	8	163	5	10	2	2	2	2	-1	-1	1	1	1	1	0	0	1	1	1	1	加雷伤害百分比	0	0	0	0	0	0	0	0	0	0	0	0	0	0	0	0	0	0	0	0	0	1000000	0	0	0	0	0	0	0	0	0	0	0	0	0	0	0	0	0	0	0	0	0	0
水意	0	2	9	163	5	10	2	2	2	2	-1	-1	1	1	1	1	0	0	1	1	1	1	加雷伤害百分比	0	0	0	0	0	0	0	0	0	0	0	0	0	0	0	0	0	0	0	0	0	1000000	0	0	0	0	0	0	0	0	0	0	0	0	0	0	0	0	0	0	0	0	0	0
水性	0	2	10	163	5	10	2	2	2	2	-1	-1	1	1	1	1	0	0	1	1	1	1	加雷伤害百分比	0	0	0	0	0	0	0	0	0	0	0	0	0	0	0	0	0	0	0	0	0	1000000	0	0	0	0	0	0	0	0	0	0	0	0	0	0	0	0	0	0	0	0	0	0
天雷	0	4	1	173	5	10	2	2	2	2	-1	-1	1	1	1	1	0	0	1	1	1	1	加土伤害百分比	0	0	0	0	0	0	0	0	0	0	0	0	0	0	0	0	0	0	0	0	0	1000000	0	0	0	0	0	0	0	0	0	0	0	0	0	0	0	0	0	0	0	0	0	0
雷公	0	4	2	173	5	10	2	2	2	2	-1	-1	1	1	1	1	0	0	1	1	1	1	加土伤害百分比	0	0	0	0	0	0	0	0	0	0	0	0	0	0	0	0	0	0	0	0	0	1000000	0	0	0	0	0	0	0	0	0	0	0	0	0	0	0	0	0	0	0	0	0	0
雷神	0	4	3	173	5	10	2	2	2	2	-1	-1	1	1	1	1	0	0	1	1	1	1	加土伤害百分比	0	0	0	0	0	0	0	0	0	0	0	0	0	0	0	0	0	0	0	0	0	1000000	0	0	0	0	0	0	0	0	0	0	0	0	0	0	0	0	0	0	0	0	0	0
金意	0	0	4	173	5	10	2	2	2	2	-1	-1	1	1	1	1	0	0	1	1	1	1	加土伤害百分比	0	0	0	0	0	0	0	0	0	0	0	0	0	0	0	0	0	0	0	0	0	1000000	0	0	0	0	0	0	0	0	0	0	0	0	0	0	0	0	0	0	0	0	0	0
金性	0	0	5	173	5	10	2	2	2	2	-1	-1	1	1	1	1	0	0	1	1	1	1	加土伤害百分比	0	0	0	0	0	0	0	0	0	0	0	0	0	0	0	0	0	0	0	0	0	1000000	0	0	0	0	0	0	0	0	0	0	0	0	0	0	0	0	0	0	0	0	0	0
金韵	0	0	6	173	5	10	2	2	2	2	-1	-1	1	1	1	1	0	0	1	1	1	1	加土伤害百分比	0	0	0	0	0	0	0	0	0	0	0	0	0	0	0	0	0	0	0	0	0	1000000	0	0	0	0	0	0	0	0	0	0	0	0	0	0	0	0	0	0	0	0	0	0
金气	0	0	7	173	5	10	2	2	2	2	-1	-1	1	1	1	1	0	0	1	1	1	1	加土伤害百分比	0	0	0	0	0	0	0	0	0	0	0	0	0	0	0	0	0	0	0	0	0	1000000	0	0	0	0	0	0	0	0	0	0	0	0	0	0	0	0	0	0	0	0	0	0
金心	0	0	8	173	5	10	2	2	2	2	-1	-1	1	1	1	1	0	0	1	1	1	1	加土伤害百分比	0	0	0	0	0	0	0	0	0	0	0	0	0	0	0	0	0	0	0	0	0	1000000	0	0	0	0	0	0	0	0	0	0	0	0	0	0	0	0	0	0	0	0	0	0
水意	0	2	9	173	5	10	2	2	2	2	-1	-1	1	1	1	1	0	0	1	1	1	1	加土伤害百分比	0	0	0	0	0	0	0	0	0	0	0	0	0	0	0	0	0	0	0	0	0	1000000	0	0	0	0	0	0	0	0	0	0	0	0	0	0	0	0	0	0	0	0	0	0
水性	0	2	10	173	5	10	2	2	2	2	-1	-1	1	1	1	1	0	0	1	1	1	1	加土伤害百分比	0	0	0	0	0	0	0	0	0	0	0	0	0	0	0	0	0	0	0	0	0	1000000	0	0	0	0	0	0	0	0	0	0	0	0	0	0	0	0	0	0	0	0	0	0
天雷	0	4	1	161	5	10	2	2	2	2	-1	-1	1	1	1	1	0	0	1	1	1	1	加冰伤害百分比	0	0	0	0	0	0	0	0	0	0	0	0	0	0	0	0	0	0	0	0	0	1000000	0	0	0	0	0	0	0	0	0	0	0	0	0	0	0	0	0	0	0	0	0	0
雷公	0	4	2	161	5	10	2	2	2	2	-1	-1	1	1	1	1	0	0	1	1	1	1	加冰伤害百分比	0	0	0	0	0	0	0	0	0	0	0	0	0	0	0	0	0	0	0	0	0	1000000	0	0	0	0	0	0	0	0	0	0	0	0	0	0	0	0	0	0	0	0	0	0
雷神	0	4	3	161	5	10	2	2	2	2	-1	-1	1	1	1	1	0	0	1	1	1	1	加冰伤害百分比	0	0	0	0	0	0	0	0	0	0	0	0	0	0	0	0	0	0	0	0	0	1000000	0	0	0	0	0	0	0	0	0	0	0	0	0	0	0	0	0	0	0	0	0	0
金意	0	0	4	161	5	10	2	2	2	2	-1	-1	1	1	1	1	0	0	1	1	1	1	加冰伤害百分比	0	0	0	0	0	0	0	0	0	0	0	0	0	0	0	0	0	0	0	0	0	1000000	0	0	0	0	0	0	0	0	0	0	0	0	0	0	0	0	0	0	0	0	0	0
金性	0	0	5	161	5	10	2	2	2	2	-1	-1	1	1	1	1	0	0	1	1	1	1	加冰伤害百分比	0	0	0	0	0	0	0	0	0	0	0	0	0	0	0	0	0	0	0	0	0	1000000	0	0	0	0	0	0	0	0	0	0	0	0	0	0	0	0	0	0	0	0	0	0
金韵	0	0	6	161	5	10	2	2	2	2	-1	-1	1	1	1	1	0	0	1	1	1	1	加冰伤害百分比	0	0	0	0	0	0	0	0	0	0	0	0	0	0	0	0	0	0	0	0	0	1000000	0	0	0	0	0	0	0	0	0	0	0	0	0	0	0	0	0	0	0	0	0	0
金气	0	0	7	161	5	10	2	2	2	2	-1	-1	1	1	1	1	0	0	1	1	1	1	加冰伤害百分比	0	0	0	0	0	0	0	0	0	0	0	0	0	0	0	0	0	0	0	0	0	1000000	0	0	0	0	0	0	0	0	0	0	0	0	0	0	0	0	0	0	0	0	0	0
金心	0	0	8	161	5	10	2	2	2	2	-1	-1	1	1	1	1	0	0	1	1	1	1	加冰伤害百分比	0	0	0	0	0	0	0	0	0	0	0	0	0	0	0	0	0	0	0	0	0	1000000	0	0	0	0	0	0	0	0	0	0	0	0	0	0	0	0	0	0	0	0	0	0
水意	0	2	9	161	5	10	2	2	2	2	-1	-1	1	1	1	1	0	0	1	1	1	1	加冰伤害百分比	0	0	0	0	0	0	0	0	0	0	0	0	0	0	0	0	0	0	0	0	0	1000000	0	0	0	0	0	0	0	0	0	0	0	0	0	0	0	0	0	0	0	0	0	0
水性	0	2	10	161	5	10	2	2	2	2	-1	-1	1	1	1	1	0	0	1	1	1	1	加冰伤害百分比	0	0	0	0	0	0	0	0	0	0	0	0	0	0	0	0	0	0	0	0	0	1000000	0	0	0	0	0	0	0	0	0	0	0	0	0	0	0	0	0	0	0	0	0	0
天雷	0	4	1	162	5	10	2	2	2	2	-1	-1	1	1	1	1	0	0	1	1	1	1	加火伤害百分比	0	0	0	0	0	0	0	0	0	0	0	0	0	0	0	0	0	0	0	0	0	1000000	0	0	0	0	0	0	0	0	0	0	0	0	0	0	0	0	0	0	0	0	0	0
雷公	0	4	2	162	5	10	2	2	2	2	-1	-1	1	1	1	1	0	0	1	1	1	1	加火伤害百分比	0	0	0	0	0	0	0	0	0	0	0	0	0	0	0	0	0	0	0	0	0	1000000	0	0	0	0	0	0	0	0	0	0	0	0	0	0	0	0	0	0	0	0	0	0
雷神	0	4	3	162	5	10	2	2	2	2	-1	-1	1	1	1	1	0	0	1	1	1	1	加火伤害百分比	0	0	0	0	0	0	0	0	0	0	0	0	0	0	0	0	0	0	0	0	0	1000000	0	0	0	0	0	0	0	0	0	0	0	0	0	0	0	0	0	0	0	0	0	0
金意	0	0	4	162	5	10	2	2	2	2	-1	-1	1	1	1	1	0	0	1	1	1	1	加火伤害百分比	0	0	0	0	0	0	0	0	0	0	0	0	0	0	0	0	0	0	0	0	0	1000000	0	0	0	0	0	0	0	0	0	0	0	0	0	0	0	0	0	0	0	0	0	0
金性	0	0	5	162	5	10	2	2	2	2	-1	-1	1	1	1	1	0	0	1	1	1	1	加火伤害百分比	0	0	0	0	0	0	0	0	0	0	0	0	0	0	0	0	0	0	0	0	0	1000000	0	0	0	0	0	0	0	0	0	0	0	0	0	0	0	0	0	0	0	0	0	0
金韵	0	0	6	162	5	10	2	2	2	2	-1	-1	1	1	1	1	0	0	1	1	1	1	加火伤害百分比	0	0	0	0	0	0	0	0	0	0	0	0	0	0	0	0	0	0	0	0	0	1000000	0	0	0	0	0	0	0	0	0	0	0	0	0	0	0	0	0	0	0	0	0	0
金气	0	0	7	162	5	10	2	2	2	2	-1	-1	1	1	1	1	0	0	1	1	1	1	加火伤害百分比	0	0	0	0	0	0	0	0	0	0	0	0	0	0	0	0	0	0	0	0	0	1000000	0	0	0	0	0	0	0	0	0	0	0	0	0	0	0	0	0	0	0	0	0	0
金心	0	0	8	162	5	10	2	2	2	2	-1	-1	1	1	1	1	0	0	1	1	1	1	加火伤害百分比	0	0	0	0	0	0	0	0	0	0	0	0	0	0	0	0	0	0	0	0	0	1000000	0	0	0	0	0	0	0	0	0	0	0	0	0	0	0	0	0	0	0	0	0	0
水意	0	2	9	162	5	10	2	2	2	2	-1	-1	1	1	1	1	0	0	1	1	1	1	加火伤害百分比	0	0	0	0	0	0	0	0	0	0	0	0	0	0	0	0	0	0	0	0	0	1000000	0	0	0	0	0	0	0	0	0	0	0	0	0	0	0	0	0	0	0	0	0	0
水性	0	2	10	162	5	10	2	2	2	2	-1	-1	1	1	1	1	0	0	1	1	1	1	加火伤害百分比	0	0	0	0	0	0	0	0	0	0	0	0	0	0	0	0	0	0	0	0	0	1000000	0	0	0	0	0	0	0	0	0	0	0	0	0	0	0	0	0	0	0	0	0	0
六	321	0	1	146	0	0	1	1	1	1	-1	-1	1	1	1	1	0	0	1	1	1	1	加致命一击	0	0	0	0	0	0	0	0	0	0	0	0	0	0	0	0	0	0	0	0	0	0	0	0	0	0	0	0	0	0	0	0	0	0	0	0	0	0	0	0	0	0	0	0
日	322	0	2	146	0	0	1	1	1	1	-1	-1	1	1	1	1	0	0	1	1	1	1	加致命一击	0	0	0	0	0	0	0	0	0	0	0	0	0	0	0	0	0	0	0	0	0	0	0	0	0	0	0	0	0	0	0	0	0	0	0	0	0	0	0	0	0	0	0	0
一	323	0	3	146	0	0	1	1	1	1	-1	-1	1	1	1	1	0	0	1	1	1	1	加致命一击	0	0	0	0	0	0	0	0	0	0	0	0	0	0	0	0	0	0	0	0	0	0	0	0	0	0	0	0	0	0	0	0	0	0	0	0	0	0	0	0	0	0	0	0
二	324	0	4	146	1	1	3	3	3	3	-1	-1	1	1	1	1	0	0	1	1	1	1	加致命一击	0	0	0	0	0	0	0	0	0	0	10000	0	0	0	0	0	0	0	0	0	0	0	0	0	0	0	0	0	0	0	0	0	0	0	0	0	0	0	0	0	0	0	0	10000
三	325	0	5	146	1	1	3	3	3	3	-1	-1	1	1	1	1	0	0	1	1	1	1	加致命一击	0	0	0	0	0	0	0	0	0	0	10000	0	0	0	0	0	0	0	0	0	0	0	0	0	0	0	0	0	0	0	0	0	0	0	0	0	0	0	0	0	0	0	0	10000
四	326	0	6	146	1	2	3	3	3	3	-1	-1	1	1	1	1	0	0	1	1	1	1	加致命一击	0	0	0	0	0	0	0	0	0	0	10000	0	0	0	0	0	0	0	0	0	0	0	0	0	0	0	0	0	0	0	0	0	0	0	0	0	0	0	0	0	0	0	0	10000
五	327	0	7	146	1	2	3	3	3	3	-1	-1	1	1	1	1	0	0	1	1	1	1	加致命一击	0	0	0	0	0	0	0	0	0	0	10000	0	0	0	0	0	0	0	0	0	0	0	0	0	0	0	0	0	0	0	0	0	0	0	0	0	0	0	0	0	0	0	0	10000
六	328	0	8	146	1	3	3	3	3	3	-1	-1	1	1	1	1	0	0	1	1	1	1	加致命一击	0	0	0	0	0	0	0	0	0	0	10000	0	0	0	0	0	0	0	0	0	0	0	0	0	0	0	0	0	0	0	0	0	0	0	0	0	0	0	0	0	0	0	0	10000
日	329	0	9	146	1	3	3	3	3	3	-1	-1	1	1	1	1	0	0	1	1	1	1	加致命一击	0	0	0	0	0	0	0	0	0	0	10000	0	0	0	0	0	0	0	0	0	0	0	0	0	0	0	0	0	0	0	0	0	0	0	0	0	0	0	0	0	0	0	0	10000
一	330	0	10	146	1	4	3	3	3	3	-1	-1	1	1	1	1	0	0	1	1	1	1	加致命一击	0	0	0	0	0	0	0	0	0	0	10000	0	0	0	0	0	0	0	0	0	0	0	0	0	0	0	0	0	0	0	0	0	0	0	0	0	0	0	0	0	0	0	0	10000
